date,vix,vix9d
2014-01-02,14.230000,13.830000
2014-01-03,13.760000,12.170000
2014-01-06,13.550000,12.510000
2014-01-07,12.920000,11.570000
2014-01-08,12.870000,11.620000
2014-01-09,12.890000,11.750000
2014-01-10,12.140000,9.970000
2014-01-13,13.280000,13.090000
2014-01-14,12.280000,11.310000
2014-01-15,12.280000,10.640000
2014-01-16,12.530000,11.090000
2014-01-17,12.440000,11.460000
2014-01-21,12.870000,12.460000
2014-01-22,12.840000,12.300000
2014-01-23,13.770000,14.210000
2014-01-24,18.140000,20.840000
2014-01-27,17.420000,19.040000
2014-01-28,15.800000,17.290000
2014-01-29,17.350000,19.400000
2014-01-30,17.290000,17.950000
2014-01-31,18.410000,19.320000
2014-02-03,21.440000,23.950000
2014-02-04,19.110000,20.370000
2014-02-05,19.950000,21.300000
2014-02-06,17.230000,18.670000
2014-02-07,15.290000,14.510000
2014-02-10,15.260000,14.220000
2014-02-11,14.510000,13.040000
2014-02-12,14.300000,12.670000
2014-02-13,14.140000,12.060000
2014-02-14,13.570000,10.840000
2014-02-18,13.870000,12.180000
2014-02-19,15.500000,13.900000
2014-02-20,14.790000,13.250000
2014-02-21,14.680000,13.040000
2014-02-24,14.230000,13.550000
2014-02-25,13.670000,12.860000
2014-02-26,14.350000,13.270000
2014-02-27,14.040000,12.420000
2014-02-28,14.000000,13.030000
2014-03-03,16.000000,16.210000
2014-03-04,14.100000,13.220000
2014-03-05,13.890000,12.490000
2014-03-06,14.210000,13.080000
2014-03-07,14.110000,12.740000
2014-03-10,14.200000,13.140000
2014-03-11,14.800000,14.130000
2014-03-12,14.470000,13.850000
2014-03-13,16.220000,17.210000
2014-03-14,17.820000,20.640000
2014-03-17,15.640000,15.870000
2014-03-18,14.520000,14.230000
2014-03-19,15.120000,15.000000
2014-03-20,14.520000,14.220000
2014-03-21,15.000000,14.700000
2014-03-24,15.090000,15.300000
2014-03-25,14.020000,13.870000
2014-03-26,14.930000,15.560000
2014-03-27,14.620000,15.170000
2014-03-28,14.410000,14.410000
2014-03-31,13.880000,13.750000
2014-04-01,13.100000,12.290000
2014-04-02,13.090000,12.130000
2014-04-03,13.370000,12.530000
2014-04-04,13.960000,13.180000
2014-04-07,15.570000,16.080000
2014-04-08,14.890000,14.510000
2014-04-09,13.820000,12.690000
2014-04-10,15.890000,16.500000
2014-04-11,17.030000,17.640000
2014-04-14,16.110000,16.000000
2014-04-15,15.610000,15.030000
2014-04-16,14.180000,13.520000
2014-04-17,13.360000,11.680000
2014-04-21,13.250000,12.990000
2014-04-22,13.190000,12.510000
2014-04-23,13.270000,12.670000
2014-04-24,13.320000,13.270000
2014-04-25,14.060000,13.940000
2014-04-28,13.970000,14.080000
2014-04-29,13.710000,13.630000
2014-04-30,13.410000,12.730000
2014-05-01,13.250000,12.580000
2014-05-02,12.910000,11.230000
2014-05-05,13.290000,12.250000
2014-05-06,13.800000,13.190000
2014-05-07,13.400000,12.820000
2014-05-08,13.430000,12.510000
2014-05-09,12.920000,11.170000
2014-05-12,12.230000,11.200000
2014-05-13,12.130000,10.750000
2014-05-14,12.170000,11.160000
2014-05-15,13.170000,13.350000
2014-05-16,12.440000,11.000000
2014-05-19,12.420000,11.010000
2014-05-20,12.960000,12.210000
2014-05-21,11.910000,10.470000
2014-05-22,12.030000,10.270000
2014-05-23,11.360000,9.490000
2014-05-27,11.510000,10.650000
2014-05-28,11.680000,10.580000
2014-05-29,11.570000,10.310000
2014-05-30,11.400000,9.730000
2014-06-02,11.580000,10.470000
2014-06-03,11.870000,11.010000
2014-06-04,12.080000,11.590000
2014-06-05,11.680000,10.880000
2014-06-06,10.730000,9.250000
2014-06-09,11.150000,9.770000
2014-06-10,10.990000,9.520000
2014-06-11,11.600000,10.450000
2014-06-12,12.560000,11.990000
2014-06-13,12.180000,11.480000
2014-06-16,12.650000,12.540000
2014-06-17,12.060000,12.680000
2014-06-18,10.610000,10.550000
2014-06-19,10.620000,10.070000
2014-06-20,10.850000,10.330000
2014-06-23,10.980000,10.270000
2014-06-24,12.130000,12.010000
2014-06-25,11.590000,11.110000
2014-06-26,11.630000,11.260000
2014-06-27,11.260000,10.650000
2014-06-30,11.570000,11.170000
2014-07-01,11.150000,10.050000
2014-07-02,10.820000,9.420000
2014-07-03,10.320000,8.540000
2014-07-07,11.330000,10.470000
2014-07-08,11.980000,11.640000
2014-07-09,11.650000,10.480000
2014-07-10,12.590000,12.080000
2014-07-11,12.080000,11.150000
2014-07-14,11.820000,10.620000
2014-07-15,11.960000,11.080000
2014-07-16,11.000000,10.260000
2014-07-17,14.540000,16.230000
2014-07-18,12.060000,12.050000
2014-07-21,12.810000,12.950000
2014-07-22,12.240000,11.540000
2014-07-23,11.520000,10.830000
2014-07-24,11.840000,10.880000
2014-07-25,12.690000,11.840000
2014-07-28,12.560000,12.020000
2014-07-29,13.280000,13.470000
2014-07-30,13.330000,13.290000
2014-07-31,16.950000,19.590000
2014-08-01,17.030000,19.010000
2014-08-04,15.120000,14.870000
2014-08-05,16.870000,17.180000
2014-08-06,16.370000,16.250000
2014-08-07,16.660000,16.760000
2014-08-08,15.770000,15.390000
2014-08-11,14.230000,14.840000
2014-08-12,14.130000,14.490000
2014-08-13,12.900000,12.630000
2014-08-14,12.420000,12.290000
2014-08-15,13.150000,14.340000
2014-08-18,12.320000,12.070000
2014-08-19,12.210000,11.000000
2014-08-20,11.780000,10.800000
2014-08-21,11.760000,10.940000
2014-08-22,11.470000,10.080000
2014-08-25,11.700000,10.420000
2014-08-26,11.630000,10.140000
2014-08-27,11.780000,9.890000
2014-08-28,12.050000,10.340000
2014-08-29,11.980000,10.000000
2014-09-02,12.250000,10.320000
2014-09-03,12.360000,10.830000
2014-09-04,12.640000,11.800000
2014-09-05,12.090000,10.270000
2014-09-08,12.660000,12.050000
2014-09-09,13.500000,13.330000
2014-09-10,12.880000,12.740000
2014-09-11,12.800000,12.070000
2014-09-12,13.310000,13.280000
2014-09-15,14.120000,15.270000
2014-09-16,12.730000,13.210000
2014-09-17,12.650000,11.810000
2014-09-18,12.030000,11.050000
2014-09-19,12.110000,10.410000
2014-09-22,13.690000,13.460000
2014-09-23,14.930000,15.600000
2014-09-24,13.270000,12.890000
2014-09-25,15.640000,15.940000
2014-09-26,14.850000,15.040000
2014-09-29,15.980000,16.110000
2014-09-30,16.310000,16.760000
2014-10-01,16.710000,16.720000
2014-10-02,16.160000,15.930000
2014-10-03,14.550000,13.860000
2014-10-06,15.460000,15.310000
2014-10-07,17.200000,16.900000
2014-10-08,15.110000,14.590000
2014-10-09,18.760000,21.620000
2014-10-10,21.240000,21.950000
2014-10-13,24.640000,27.220000
2014-10-14,22.790000,24.610000
2014-10-15,26.250000,31.120000
2014-10-16,25.200000,30.480000
2014-10-17,21.990000,23.810000
2014-10-20,18.570000,19.450000
2014-10-21,16.080000,16.380000
2014-10-22,17.870000,18.360000
2014-10-23,16.530000,16.120000
2014-10-24,16.110000,14.760000
2014-10-27,16.040000,16.090000
2014-10-28,14.390000,14.390000
2014-10-29,15.150000,14.900000
2014-10-30,14.520000,14.000000
2014-10-31,14.030000,13.800000
2014-11-03,14.730000,14.770000
2014-11-04,14.890000,14.810000
2014-11-05,14.170000,13.350000
2014-11-06,13.670000,12.650000
2014-11-07,13.120000,11.130000
2014-11-10,12.670000,11.320000
2014-11-11,12.920000,11.540000
2014-11-12,13.020000,11.390000
2014-11-13,13.790000,11.970000
2014-11-14,13.310000,11.350000
2014-11-17,13.990000,11.420000
2014-11-18,13.860000,11.490000
2014-11-19,13.960000,11.420000
2014-11-20,13.580000,10.910000
2014-11-21,12.900000,10.450000
2014-11-24,12.620000,11.150000
2014-11-25,12.250000,10.810000
2014-11-26,12.070000,11.120000
2014-11-28,13.330000,12.980000
2014-12-01,14.290000,14.630000
2014-12-02,12.850000,12.570000
2014-12-03,12.470000,12.160000
2014-12-04,12.380000,11.880000
2014-12-05,11.820000,10.700000
2014-12-08,14.210000,15.470000
2014-12-09,14.890000,15.270000
2014-12-10,18.530000,21.710000
2014-12-11,20.080000,22.080000
2014-12-12,21.080000,23.820000
2014-12-15,20.420000,21.160000
2014-12-16,23.570000,24.250000
2014-12-17,19.440000,18.040000
2014-12-18,16.810000,14.460000
2014-12-19,16.490000,13.770000
2014-12-22,15.250000,12.700000
2014-12-23,14.800000,11.100000
2014-12-24,14.370000,10.350000
2014-12-26,14.500000,12.090000
2014-12-29,15.060000,12.790000
2014-12-30,15.920000,13.860000
2014-12-31,19.200000,18.950000
2015-01-02,17.790000,16.470000
2015-01-05,19.920000,19.450000
2015-01-06,21.120000,20.530000
2015-01-07,19.310000,17.590000
2015-01-08,17.010000,15.040000
2015-01-09,17.550000,15.200000
2015-01-12,19.600000,18.200000
2015-01-13,20.560000,19.630000
2015-01-14,21.480000,21.230000
2015-01-15,22.390000,23.730000
2015-01-16,20.950000,21.480000
2015-01-20,19.890000,21.940000
2015-01-21,18.850000,20.360000
2015-01-22,16.400000,15.580000
2015-01-23,16.660000,16.080000
2015-01-26,15.520000,14.890000
2015-01-27,17.220000,17.560000
2015-01-28,20.440000,21.780000
2015-01-29,18.760000,18.780000
2015-01-30,20.970000,21.170000
2015-02-02,19.430000,19.390000
2015-02-03,17.330000,16.540000
2015-02-04,18.330000,17.480000
2015-02-05,16.850000,15.310000
2015-02-06,17.290000,14.930000
2015-02-09,18.550000,16.880000
2015-02-10,17.230000,15.200000
2015-02-11,16.960000,14.280000
2015-02-12,15.340000,12.360000
2015-02-13,14.690000,11.760000
2015-02-17,15.800000,13.550000
2015-02-18,15.450000,12.400000
2015-02-19,15.290000,12.340000
2015-02-20,14.300000,11.740000
2015-02-23,14.560000,12.160000
2015-02-24,13.690000,10.940000
2015-02-25,13.840000,11.640000
2015-02-26,13.910000,11.380000
2015-02-27,13.340000,10.600000
2015-03-02,13.040000,10.850000
2015-03-03,13.860000,11.810000
2015-03-04,14.230000,12.280000
2015-03-05,14.040000,12.160000
2015-03-06,15.200000,14.310000
2015-03-09,15.060000,14.200000
2015-03-10,16.690000,16.720000
2015-03-11,16.870000,16.780000
2015-03-12,15.420000,15.040000
2015-03-13,16.000000,15.250000
2015-03-16,15.610000,16.150000
2015-03-17,15.660000,16.720000
2015-03-18,13.970000,13.850000
2015-03-19,14.070000,12.890000
2015-03-20,13.020000,10.730000
2015-03-23,13.410000,12.030000
2015-03-24,13.620000,12.240000
2015-03-25,15.440000,15.280000
2015-03-26,15.800000,15.920000
2015-03-27,15.070000,14.690000
2015-03-30,14.510000,14.310000
2015-03-31,15.290000,15.500000
2015-04-01,15.110000,14.290000
2015-04-02,14.670000,13.910000
2015-04-06,14.740000,14.160000
2015-04-07,14.780000,13.900000
2015-04-08,13.980000,12.800000
2015-04-09,13.090000,11.410000
2015-04-10,12.580000,9.910000
2015-04-13,13.940000,12.490000
2015-04-14,13.670000,11.720000
2015-04-15,12.840000,10.590000
2015-04-16,12.600000,10.740000
2015-04-17,13.890000,12.910000
2015-04-20,13.300000,12.620000
2015-04-21,13.250000,12.580000
2015-04-22,12.710000,11.830000
2015-04-23,12.480000,11.840000
2015-04-24,12.290000,10.860000
2015-04-27,13.120000,12.720000
2015-04-28,12.410000,11.870000
2015-04-29,13.390000,13.260000
2015-04-30,14.550000,15.060000
2015-05-01,12.700000,11.770000
2015-05-04,12.850000,12.010000
2015-05-05,14.310000,14.640000
2015-05-06,15.150000,16.050000
2015-05-07,15.130000,15.590000
2015-05-08,12.860000,11.320000
2015-05-11,13.850000,13.410000
2015-05-12,13.860000,13.820000
2015-05-13,13.760000,13.490000
2015-05-14,12.740000,11.590000
2015-05-15,12.380000,10.770000
2015-05-18,12.730000,11.010000
2015-05-19,12.850000,11.150000
2015-05-20,12.880000,10.480000
2015-05-21,12.110000,9.950000
2015-05-22,12.130000,9.600000
2015-05-26,14.060000,13.320000
2015-05-27,13.270000,11.930000
2015-05-28,13.310000,12.230000
2015-05-29,13.840000,13.670000
2015-06-01,13.970000,13.850000
2015-06-02,14.240000,13.990000
2015-06-03,13.660000,12.700000
2015-06-04,14.710000,15.020000
2015-06-05,14.210000,13.700000
2015-06-08,15.290000,15.890000
2015-06-09,14.470000,15.050000
2015-06-10,13.220000,13.320000
2015-06-11,12.850000,12.380000
2015-06-12,13.780000,14.160000
2015-06-15,15.390000,16.680000
2015-06-16,14.810000,16.290000
2015-06-17,14.500000,15.220000
2015-06-18,13.190000,13.110000
2015-06-19,13.960000,14.320000
2015-06-22,12.740000,13.150000
2015-06-23,12.110000,12.170000
2015-06-24,13.260000,14.810000
2015-06-25,14.010000,15.130000
2015-06-26,14.020000,15.490000
2015-06-29,18.850000,22.560000
2015-06-30,18.230000,20.930000
2015-07-01,16.090000,17.230000
2015-07-02,16.790000,17.970000
2015-07-06,17.010000,16.650000
2015-07-07,16.090000,15.910000
2015-07-08,19.660000,20.960000
2015-07-09,19.970000,22.060000
2015-07-10,16.830000,17.240000
2015-07-13,13.900000,13.320000
2015-07-14,13.370000,12.180000
2015-07-15,13.230000,12.400000
2015-07-16,12.110000,10.350000
2015-07-17,11.950000,9.720000
2015-07-20,12.250000,11.100000
2015-07-21,12.220000,11.320000
2015-07-22,12.120000,11.200000
2015-07-23,12.640000,11.950000
2015-07-24,13.740000,13.050000
2015-07-27,15.600000,16.610000
2015-07-28,13.440000,13.620000
2015-07-29,12.500000,12.180000
2015-07-30,12.130000,11.060000
2015-07-31,12.120000,10.670000
2015-08-03,12.560000,12.120000
2015-08-04,13.000000,12.420000
2015-08-05,12.510000,11.510000
2015-08-06,13.770000,13.660000
2015-08-07,13.390000,13.040000
2015-08-10,12.230000,11.440000
2015-08-11,13.710000,14.130000
2015-08-12,13.610000,14.270000
2015-08-13,13.490000,13.630000
2015-08-14,12.830000,11.770000
2015-08-17,13.020000,11.290000
2015-08-18,13.790000,12.140000
2015-08-19,15.250000,14.340000
2015-08-20,19.140000,20.880000
2015-08-21,28.030000,38.960000
2015-08-24,40.740000,54.610000
2015-08-25,36.020000,44.920000
2015-08-26,30.320000,37.880000
2015-08-27,26.100000,28.890000
2015-08-28,26.050000,27.110000
2015-08-31,28.430000,28.260000
2015-09-01,31.400000,31.210000
2015-09-02,26.090000,24.260000
2015-09-03,25.610000,23.990000
2015-09-04,27.800000,26.880000
2015-09-08,24.900000,24.420000
2015-09-09,26.230000,27.900000
2015-09-10,24.370000,26.110000
2015-09-11,23.200000,23.430000
2015-09-14,24.250000,25.520000
2015-09-15,22.540000,24.620000
2015-09-16,21.350000,23.750000
2015-09-17,21.140000,22.250000
2015-09-18,22.280000,21.780000
2015-09-21,20.140000,19.610000
2015-09-22,22.440000,23.450000
2015-09-23,22.130000,22.460000
2015-09-24,23.470000,24.220000
2015-09-25,23.620000,22.890000
2015-09-28,27.630000,30.260000
2015-09-29,26.830000,28.560000
2015-09-30,24.500000,25.700000
2015-10-01,22.550000,21.930000
2015-10-02,20.940000,19.350000
2015-10-05,19.540000,19.020000
2015-10-06,19.400000,18.190000
2015-10-07,18.400000,16.390000
2015-10-08,17.420000,15.470000
2015-10-09,17.080000,14.270000
2015-10-12,16.170000,14.730000
2015-10-13,17.670000,16.530000
2015-10-14,18.030000,16.900000
2015-10-15,16.050000,13.850000
2015-10-16,15.050000,12.890000
2015-10-19,14.980000,13.870000
2015-10-20,15.750000,15.010000
2015-10-21,16.700000,16.670000
2015-10-22,14.450000,13.100000
2015-10-23,14.460000,13.150000
2015-10-26,15.290000,15.200000
2015-10-27,15.430000,16.310000
2015-10-28,14.330000,14.570000
2015-10-29,14.610000,14.540000
2015-10-30,15.070000,14.310000
2015-11-02,14.150000,13.680000
2015-11-03,14.540000,13.810000
2015-11-04,15.510000,14.760000
2015-11-05,15.050000,14.220000
2015-11-06,14.330000,12.600000
2015-11-09,16.520000,16.390000
2015-11-10,15.290000,14.290000
2015-11-11,16.060000,15.600000
2015-11-12,18.370000,18.390000
2015-11-13,20.080000,20.430000
2015-11-16,18.160000,16.810000
2015-11-17,18.840000,17.020000
2015-11-18,16.850000,13.330000
2015-11-19,16.990000,13.620000
2015-11-20,15.470000,12.400000
2015-11-23,15.620000,14.070000
2015-11-24,15.930000,14.540000
2015-11-25,15.190000,14.350000
2015-11-27,15.120000,14.210000
2015-11-30,16.130000,16.600000
2015-12-01,14.670000,13.990000
2015-12-02,15.910000,15.970000
2015-12-03,18.110000,18.710000
2015-12-04,14.810000,13.650000
2015-12-07,15.840000,16.000000
2015-12-08,17.600000,18.810000
2015-12-09,19.610000,22.070000
2015-12-10,19.340000,20.420000
2015-12-11,24.390000,28.000000
2015-12-14,22.730000,25.780000
2015-12-15,20.950000,23.050000
2015-12-16,17.860000,18.810000
2015-12-17,18.940000,18.880000
2015-12-18,20.700000,19.380000
2015-12-21,18.700000,17.550000
2015-12-22,16.600000,15.060000
2015-12-23,15.570000,13.640000
2015-12-24,15.740000,13.470000
2015-12-28,16.910000,15.790000
2015-12-29,16.080000,14.740000
2015-12-30,17.290000,15.960000
2015-12-31,18.210000,17.520000
2016-01-04,20.700000,21.930000
2016-01-05,19.340000,19.370000
2016-01-06,20.590000,20.600000
2016-01-07,24.990000,26.190000
2016-01-08,27.010000,27.980000
2016-01-11,24.300000,24.210000
2016-01-12,22.470000,22.300000
2016-01-13,25.220000,25.570000
2016-01-14,23.950000,24.630000
2016-01-15,27.020000,29.600000
2016-01-19,26.050000,30.430000
2016-01-20,27.590000,32.850000
2016-01-21,26.690000,29.990000
2016-01-22,22.340000,22.590000
2016-01-25,24.150000,26.040000
2016-01-26,22.500000,24.250000
2016-01-27,23.110000,24.510000
2016-01-28,22.420000,23.400000
2016-01-29,20.200000,19.370000
2016-02-01,19.980000,19.680000
2016-02-02,21.980000,22.190000
2016-02-03,21.650000,22.350000
2016-02-04,21.840000,21.750000
2016-02-05,23.380000,22.960000
2016-02-08,26.000000,26.400000
2016-02-09,26.540000,26.840000
2016-02-10,26.290000,25.530000
2016-02-11,28.140000,27.360000
2016-02-12,25.400000,22.710000
2016-02-16,24.110000,21.810000
2016-02-17,22.310000,20.270000
2016-02-18,21.640000,19.530000
2016-02-19,20.530000,18.220000
2016-02-22,19.380000,18.390000
2016-02-23,20.980000,20.690000
2016-02-24,20.720000,20.720000
2016-02-25,19.110000,17.790000
2016-02-26,19.810000,18.560000
2016-02-29,20.550000,20.360000
2016-03-01,17.700000,17.040000
2016-03-02,17.090000,15.780000
2016-03-03,16.700000,15.910000
2016-03-04,16.860000,15.860000
2016-03-07,17.350000,17.660000
2016-03-08,18.670000,19.170000
2016-03-09,18.340000,18.790000
2016-03-10,18.050000,17.660000
2016-03-11,16.500000,15.200000
2016-03-14,16.920000,15.990000
2016-03-15,16.840000,16.460000
2016-03-16,14.990000,14.070000
2016-03-17,14.440000,13.050000
2016-03-18,14.020000,12.470000
2016-03-21,13.790000,12.770000
2016-03-22,14.170000,13.140000
2016-03-23,14.940000,13.360000
2016-03-24,14.740000,12.350000
2016-03-28,15.240000,14.070000
2016-03-29,13.820000,12.170000
2016-03-30,13.560000,11.870000
2016-03-31,13.950000,12.250000
2016-04-01,13.100000,10.920000
2016-04-04,14.120000,12.500000
2016-04-05,15.420000,13.960000
2016-04-06,14.090000,12.560000
2016-04-07,16.160000,15.200000
2016-04-08,15.360000,13.590000
2016-04-11,16.260000,15.590000
2016-04-12,14.850000,13.710000
2016-04-13,13.840000,12.450000
2016-04-14,13.720000,12.320000
2016-04-15,13.620000,12.200000
2016-04-18,13.350000,12.860000
2016-04-19,13.240000,12.860000
2016-04-20,13.280000,12.800000
2016-04-21,13.950000,13.180000
2016-04-22,13.220000,11.930000
2016-04-25,14.080000,13.620000
2016-04-26,13.960000,13.500000
2016-04-27,13.770000,12.810000
2016-04-28,15.220000,14.550000
2016-04-29,15.700000,14.790000
2016-05-02,14.680000,13.770000
2016-05-03,15.600000,15.170000
2016-05-04,16.050000,15.470000
2016-05-05,15.910000,15.370000
2016-05-06,14.720000,13.380000
2016-05-09,14.570000,13.860000
2016-05-10,13.630000,12.800000
2016-05-11,14.690000,13.750000
2016-05-12,14.410000,13.460000
2016-05-13,15.040000,14.150000
2016-05-16,14.680000,13.590000
2016-05-17,15.570000,15.110000
2016-05-18,15.950000,15.340000
2016-05-19,16.330000,15.280000
2016-05-20,15.200000,12.730000
2016-05-23,15.820000,13.600000
2016-05-24,14.420000,11.910000
2016-05-25,13.900000,11.410000
2016-05-26,13.430000,10.460000
2016-05-27,13.120000,9.770000
2016-05-31,14.190000,11.850000
2016-06-01,14.200000,11.610000
2016-06-02,13.630000,11.010000
2016-06-03,13.470000,10.110000
2016-06-06,13.650000,11.260000
2016-06-07,14.050000,11.560000
2016-06-08,14.080000,10.890000
2016-06-09,14.640000,12.230000
2016-06-10,17.030000,15.830000
2016-06-13,20.970000,22.940000
2016-06-14,20.500000,23.350000
2016-06-15,20.140000,22.600000
2016-06-16,19.370000,21.890000
2016-06-17,19.410000,22.000000
2016-06-20,18.370000,22.210000
2016-06-21,18.480000,22.470000
2016-06-22,21.170000,27.860000
2016-06-23,17.250000,21.130000
2016-06-24,25.760000,30.710000
2016-06-27,23.850000,25.060000
2016-06-28,18.750000,19.080000
2016-06-29,16.640000,15.860000
2016-06-30,15.630000,14.050000
2016-07-01,14.770000,11.850000
2016-07-05,15.580000,14.190000
2016-07-06,14.960000,13.180000
2016-07-07,14.760000,13.110000
2016-07-08,13.200000,11.430000
2016-07-11,13.540000,12.230000
2016-07-12,13.550000,12.250000
2016-07-13,13.040000,11.110000
2016-07-14,12.820000,10.930000
2016-07-15,12.670000,10.260000
2016-07-18,12.440000,10.990000
2016-07-19,11.970000,11.020000
2016-07-20,11.770000,10.430000
2016-07-21,12.740000,11.500000
2016-07-22,12.020000,10.220000
2016-07-25,12.870000,11.930000
2016-07-26,13.050000,11.980000
2016-07-27,12.830000,11.610000
2016-07-28,12.720000,11.790000
2016-07-29,11.870000,10.010000
2016-08-01,12.440000,11.100000
2016-08-02,13.370000,12.350000
2016-08-03,12.860000,11.290000
2016-08-04,12.420000,10.800000
2016-08-05,11.390000,9.180000
2016-08-08,11.500000,10.100000
2016-08-09,11.660000,10.490000
2016-08-10,12.050000,10.680000
2016-08-11,11.680000,9.740000
2016-08-12,11.550000,9.540000
2016-08-15,11.810000,9.720000
2016-08-16,12.640000,10.870000
2016-08-17,12.190000,10.760000
2016-08-18,11.430000,9.900000
2016-08-19,11.340000,9.400000
2016-08-22,12.270000,10.950000
2016-08-23,12.380000,11.370000
2016-08-24,13.450000,12.670000
2016-08-25,13.630000,12.770000
2016-08-26,13.650000,12.100000
2016-08-29,12.940000,11.140000
2016-08-30,13.120000,11.210000
2016-08-31,13.420000,11.640000
2016-09-01,13.480000,11.890000
2016-09-02,11.980000,9.100000
2016-09-06,12.020000,9.980000
2016-09-07,11.940000,9.800000
2016-09-08,12.510000,10.990000
2016-09-09,17.500000,18.780000
2016-09-12,15.160000,16.030000
2016-09-13,17.850000,19.550000
2016-09-14,18.140000,19.380000
2016-09-15,16.300000,17.000000
2016-09-16,15.370000,15.270000
2016-09-19,15.530000,16.310000
2016-09-20,15.920000,17.220000
2016-09-21,13.300000,12.830000
2016-09-22,12.020000,10.790000
2016-09-23,12.290000,11.390000
2016-09-26,14.500000,15.670000
2016-09-27,13.100000,12.800000
2016-09-28,12.390000,11.720000
2016-09-29,14.020000,14.710000
2016-09-30,13.290000,12.370000
2016-10-03,13.570000,13.000000
2016-10-04,13.630000,12.950000
2016-10-05,12.990000,12.030000
2016-10-06,12.840000,11.470000
2016-10-07,13.480000,11.470000
2016-10-10,13.380000,10.810000
2016-10-11,15.360000,13.340000
2016-10-12,15.910000,13.160000
2016-10-13,16.690000,14.070000
2016-10-14,16.120000,12.940000
2016-10-17,16.210000,13.810000
2016-10-18,15.280000,12.450000
2016-10-19,14.410000,11.970000
2016-10-20,13.750000,11.070000
2016-10-21,13.340000,10.680000
2016-10-24,13.020000,11.350000
2016-10-25,13.460000,11.900000
2016-10-26,14.240000,12.580000
2016-10-27,15.360000,14.590000
2016-10-28,16.190000,16.690000
2016-10-31,17.060000,20.190000
2016-11-01,18.560000,22.860000
2016-11-02,19.320000,24.160000
2016-11-03,22.080000,27.900000
2016-11-04,22.510000,28.820000
2016-11-07,18.710000,24.670000
2016-11-08,18.740000,25.310000
2016-11-09,14.380000,15.360000
2016-11-10,14.740000,14.120000
2016-11-11,14.170000,12.840000
2016-11-14,14.480000,12.510000
2016-11-15,13.370000,10.640000
2016-11-16,13.720000,9.520000
2016-11-17,13.350000,9.380000
2016-11-18,12.850000,8.630000
2016-11-21,12.420000,10.000000
2016-11-22,12.410000,10.200000
2016-11-23,12.430000,10.060000
2016-11-25,12.340000,10.430000
2016-11-28,13.150000,12.860000
2016-11-29,12.900000,12.640000
2016-11-30,13.330000,13.230000
2016-12-01,14.070000,13.960000
2016-12-02,14.120000,13.640000
2016-12-05,12.140000,11.410000
2016-12-06,11.790000,10.840000
2016-12-07,12.220000,11.790000
2016-12-08,12.640000,12.920000
2016-12-09,11.750000,11.100000
2016-12-12,12.640000,12.250000
2016-12-13,12.720000,12.250000
2016-12-14,13.190000,12.840000
2016-12-15,12.790000,11.850000
2016-12-16,12.200000,10.670000
2016-12-19,11.710000,9.950000
2016-12-20,11.450000,9.850000
2016-12-21,11.270000,9.330000
2016-12-22,11.430000,9.340000
2016-12-23,11.440000,8.980000
2016-12-27,11.990000,10.220000
2016-12-28,12.950000,11.220000
2016-12-29,13.370000,11.640000
2016-12-30,14.040000,12.680000
2017-01-03,12.850000,11.990000
2017-01-04,11.850000,10.680000
2017-01-05,11.670000,9.950000
2017-01-06,11.320000,9.190000
2017-01-09,11.560000,9.440000
2017-01-10,11.490000,8.880000
2017-01-11,11.260000,8.880000
2017-01-12,11.540000,9.320000
2017-01-13,11.230000,8.990000
2017-01-17,11.870000,10.850000
2017-01-18,12.480000,11.290000
2017-01-19,12.780000,11.500000
2017-01-20,11.540000,9.720000
2017-01-23,11.770000,10.920000
2017-01-24,11.070000,10.080000
2017-01-25,10.810000,10.060000
2017-01-26,10.630000,9.710000
2017-01-27,10.580000,9.360000
2017-01-30,11.880000,11.660000
2017-01-31,11.990000,11.770000
2017-02-01,11.810000,12.040000
2017-02-02,11.930000,11.160000
2017-02-03,10.970000,9.190000
2017-02-06,11.370000,10.170000
2017-02-07,11.290000,9.470000
2017-02-08,11.450000,9.600000
2017-02-09,10.880000,8.850000
2017-02-10,10.850000,9.020000
2017-02-13,11.070000,9.320000
2017-02-14,10.740000,8.940000
2017-02-15,11.970000,10.260000
2017-02-16,11.760000,10.020000
2017-02-17,11.490000,9.030000
2017-02-21,11.570000,10.220000
2017-02-22,11.740000,10.390000
2017-02-23,11.710000,10.150000
2017-02-24,11.470000,9.410000
2017-02-27,12.090000,10.830000
2017-02-28,12.920000,11.890000
2017-03-01,12.540000,10.570000
2017-03-02,11.810000,9.600000
2017-03-03,10.960000,8.560000
2017-03-06,11.240000,9.670000
2017-03-07,11.450000,10.230000
2017-03-08,11.860000,10.910000
2017-03-09,12.300000,11.780000
2017-03-10,11.660000,10.670000
2017-03-13,11.350000,10.780000
2017-03-14,12.300000,11.780000
2017-03-15,11.630000,10.760000
2017-03-16,11.210000,9.740000
2017-03-17,11.280000,9.870000
2017-03-20,11.340000,10.230000
2017-03-21,12.470000,14.230000
2017-03-22,12.810000,14.510000
2017-03-23,13.120000,15.140000
2017-03-24,12.960000,13.430000
2017-03-27,12.500000,12.120000
2017-03-28,11.530000,10.510000
2017-03-29,11.420000,10.080000
2017-03-30,11.540000,9.580000
2017-03-31,12.370000,9.660000
2017-04-03,12.380000,10.160000
2017-04-04,11.790000,9.510000
2017-04-05,12.890000,11.890000
2017-04-06,12.390000,10.270000
2017-04-07,12.870000,10.060000
2017-04-10,14.050000,10.360000
2017-04-11,15.070000,10.540000
2017-04-12,15.770000,10.910000
2017-04-13,15.960000,12.750000
2017-04-17,14.660000,13.440000
2017-04-18,14.420000,14.200000
2017-04-19,14.930000,16.200000
2017-04-20,14.150000,15.830000
2017-04-21,14.630000,17.090000
2017-04-24,10.840000,9.960000
2017-04-25,10.760000,9.800000
2017-04-26,10.850000,9.790000
2017-04-27,10.360000,9.240000
2017-04-28,10.820000,9.420000
2017-05-01,10.110000,9.490000
2017-05-02,10.590000,10.490000
2017-05-03,10.680000,10.780000
2017-05-04,10.460000,11.040000
2017-05-05,10.570000,11.440000
2017-05-08,9.770000,9.090000
2017-05-09,9.960000,9.310000
2017-05-10,10.210000,9.430000
2017-05-11,10.600000,10.350000
2017-05-12,10.400000,9.400000
2017-05-15,10.420000,9.160000
2017-05-16,10.650000,8.960000
2017-05-17,15.590000,20.170000
2017-05-18,14.660000,16.670000
2017-05-19,12.040000,10.980000
2017-05-22,10.930000,9.390000
2017-05-23,10.720000,9.320000
2017-05-24,10.020000,8.560000
2017-05-25,9.990000,8.120000
2017-05-26,9.810000,7.600000
2017-05-30,10.380000,9.040000
2017-05-31,10.410000,8.710000
2017-06-01,9.890000,8.500000
2017-06-02,9.750000,8.470000
2017-06-05,10.070000,9.690000
2017-06-06,10.450000,10.390000
2017-06-07,10.390000,10.130000
2017-06-08,10.160000,9.620000
2017-06-09,10.700000,10.370000
2017-06-12,11.460000,11.350000
2017-06-13,10.420000,9.350000
2017-06-14,10.640000,9.910000
2017-06-15,10.900000,10.140000
2017-06-16,10.380000,8.330000
2017-06-19,10.370000,8.520000
2017-06-20,10.860000,9.420000
2017-06-21,10.750000,9.560000
2017-06-22,10.480000,9.230000
2017-06-23,10.020000,8.380000
2017-06-26,9.900000,8.700000
2017-06-27,11.060000,10.500000
2017-06-28,10.030000,8.490000
2017-06-29,11.440000,11.370000
2017-06-30,11.180000,9.930000
2017-07-03,11.220000,10.210000
2017-07-05,11.070000,9.650000
2017-07-06,12.540000,11.530000
2017-07-07,11.190000,9.260000
2017-07-10,11.110000,9.900000
2017-07-11,10.890000,9.370000
2017-07-12,10.300000,8.060000
2017-07-13,9.900000,8.010000
2017-07-14,9.510000,7.550000
2017-07-17,9.820000,8.390000
2017-07-18,9.890000,8.440000
2017-07-19,9.790000,7.850000
2017-07-20,9.580000,7.690000
2017-07-21,9.360000,7.100000
2017-07-24,9.430000,7.640000
2017-07-25,9.430000,7.870000
2017-07-26,9.600000,8.070000
2017-07-27,10.110000,9.030000
2017-07-28,10.290000,8.550000
2017-07-31,10.260000,9.430000
2017-08-01,10.090000,8.930000
2017-08-02,10.280000,8.680000
2017-08-03,10.440000,9.310000
2017-08-04,10.030000,8.580000
2017-08-07,9.930000,8.430000
2017-08-08,10.960000,10.500000
2017-08-09,11.110000,10.720000
2017-08-10,16.040000,17.830000
2017-08-11,15.510000,15.530000
2017-08-14,12.330000,11.630000
2017-08-15,12.040000,10.410000
2017-08-16,11.740000,9.730000
2017-08-17,15.550000,15.770000
2017-08-18,14.260000,13.170000
2017-08-21,13.190000,12.480000
2017-08-22,11.350000,9.920000
2017-08-23,12.250000,11.140000
2017-08-24,12.230000,10.330000
2017-08-25,11.280000,8.970000
2017-08-28,11.320000,9.450000
2017-08-29,11.700000,9.810000
2017-08-30,11.220000,9.150000
2017-08-31,10.590000,8.660000
2017-09-01,10.130000,7.940000
2017-09-05,12.230000,11.340000
2017-09-06,11.630000,10.220000
2017-09-07,11.550000,9.750000
2017-09-08,12.120000,11.290000
2017-09-11,10.730000,9.010000
2017-09-12,10.580000,9.250000
2017-09-13,10.500000,9.380000
2017-09-14,10.440000,9.290000
2017-09-15,10.170000,8.300000
2017-09-18,10.150000,8.720000
2017-09-19,10.180000,9.090000
2017-09-20,9.780000,8.950000
2017-09-21,9.670000,8.440000
2017-09-22,9.590000,7.980000
2017-09-25,10.210000,9.210000
2017-09-26,10.170000,9.340000
2017-09-27,9.870000,9.030000
2017-09-28,9.550000,8.390000
2017-09-29,9.510000,7.950000
2017-10-02,9.450000,8.180000
2017-10-03,9.510000,8.040000
2017-10-04,9.630000,8.020000
2017-10-05,9.190000,7.810000
2017-10-06,9.650000,7.880000
2017-10-09,10.330000,9.340000
2017-10-10,10.080000,8.720000
2017-10-11,9.850000,8.320000
2017-10-12,9.910000,8.340000
2017-10-13,9.610000,8.030000
2017-10-16,9.910000,8.460000
2017-10-17,10.310000,8.690000
2017-10-18,10.070000,8.370000
2017-10-19,10.050000,8.880000
2017-10-20,9.970000,8.410000
2017-10-23,11.070000,10.770000
2017-10-24,11.160000,10.480000
2017-10-25,11.230000,11.090000
2017-10-26,11.300000,10.690000
2017-10-27,9.800000,8.610000
2017-10-30,10.500000,9.810000
2017-10-31,10.180000,9.320000
2017-11-01,10.200000,9.290000
2017-11-02,9.930000,8.540000
2017-11-03,9.140000,7.840000
2017-11-06,9.400000,8.090000
2017-11-07,9.890000,8.830000
2017-11-08,9.780000,8.280000
2017-11-09,10.500000,9.650000
2017-11-10,11.290000,10.310000
2017-11-13,11.500000,9.840000
2017-11-14,11.590000,9.730000
2017-11-15,13.130000,11.730000
2017-11-16,11.760000,8.740000
2017-11-17,11.430000,8.490000
2017-11-20,10.650000,8.600000
2017-11-21,9.730000,7.970000
2017-11-22,9.880000,7.870000
2017-11-24,9.670000,7.870000
2017-11-27,9.870000,9.000000
2017-11-28,10.030000,9.180000
2017-11-29,10.700000,10.160000
2017-11-30,11.280000,11.380000
2017-12-01,11.430000,11.980000
2017-12-04,11.680000,12.210000
2017-12-05,11.330000,11.110000
2017-12-06,11.020000,10.900000
2017-12-07,10.160000,9.510000
2017-12-08,9.580000,8.440000
2017-12-11,9.340000,8.790000
2017-12-12,9.920000,9.240000
2017-12-13,10.180000,9.350000
2017-12-14,10.490000,9.870000
2017-12-15,9.420000,8.250000
2017-12-18,9.530000,8.050000
2017-12-19,10.030000,9.030000
2017-12-20,9.720000,8.340000
2017-12-21,9.620000,7.630000
2017-12-22,9.900000,7.510000
2017-12-26,10.250000,8.480000
2017-12-27,10.470000,9.710000
2017-12-28,10.180000,9.270000
2017-12-29,11.040000,10.420000
2018-01-02,9.770000,8.540000
2018-01-03,9.150000,7.850000
2018-01-04,9.220000,7.730000
2018-01-05,9.220000,7.700000
2018-01-08,9.520000,7.900000
2018-01-09,10.080000,8.350000
2018-01-10,9.820000,7.850000
2018-01-11,9.880000,7.840000
2018-01-12,10.160000,8.680000
2018-01-16,11.660000,11.250000
2018-01-17,11.910000,11.690000
2018-01-18,12.220000,12.370000
2018-01-19,11.270000,10.410000
2018-01-22,11.030000,10.860000
2018-01-23,11.100000,11.020000
2018-01-24,11.470000,11.450000
2018-01-25,11.580000,11.640000
2018-01-26,11.080000,10.460000
2018-01-29,13.840000,14.910000
2018-01-30,14.790000,16.200000
2018-01-31,13.540000,13.860000
2018-02-01,13.470000,13.860000
2018-02-02,17.310000,18.860000
2018-02-05,37.320000,59.340000
2018-02-06,29.980000,39.460000
2018-02-07,27.730000,32.860000
2018-02-08,33.460000,41.440000
2018-02-09,29.060000,31.640000
2018-02-12,25.610000,26.830000
2018-02-13,24.970000,25.290000
2018-02-14,19.260000,18.730000
2018-02-15,19.130000,18.580000
2018-02-16,19.460000,18.680000
2018-02-20,20.600000,20.640000
2018-02-21,20.020000,20.010000
2018-02-22,18.720000,18.130000
2018-02-23,16.490000,14.980000
2018-02-26,15.800000,15.160000
2018-02-27,18.590000,18.120000
2018-02-28,19.850000,19.190000
2018-03-01,22.470000,23.890000
2018-03-02,19.590000,18.870000
2018-03-05,18.730000,18.260000
2018-03-06,18.360000,17.230000
2018-03-07,17.760000,16.710000
2018-03-08,16.540000,15.860000
2018-03-09,14.640000,13.530000
2018-03-12,15.780000,15.240000
2018-03-13,16.350000,15.360000
2018-03-14,17.230000,17.280000
2018-03-15,16.590000,15.960000
2018-03-16,15.800000,14.930000
2018-03-19,19.020000,21.950000
2018-03-20,18.200000,19.700000
2018-03-21,17.860000,18.520000
2018-03-22,23.340000,26.310000
2018-03-23,24.870000,28.220000
2018-03-26,21.030000,22.280000
2018-03-27,22.500000,22.950000
2018-03-28,22.870000,24.940000
2018-03-29,19.970000,20.570000
2018-04-02,23.620000,27.310000
2018-04-03,21.100000,23.480000
2018-04-04,20.060000,21.950000
2018-04-05,18.940000,19.930000
2018-04-06,21.490000,23.060000
2018-04-09,21.770000,23.830000
2018-04-10,20.470000,20.920000
2018-04-11,20.240000,20.370000
2018-04-12,18.490000,17.820000
2018-04-13,17.410000,16.360000
2018-04-16,16.560000,16.570000
2018-04-17,15.250000,15.350000
2018-04-18,15.600000,14.640000
2018-04-19,15.960000,15.500000
2018-04-20,16.880000,16.230000
2018-04-23,16.340000,16.440000
2018-04-24,18.020000,19.170000
2018-04-25,17.840000,18.710000
2018-04-26,16.240000,16.010000
2018-04-27,15.410000,14.440000
2018-04-30,15.930000,16.450000
2018-05-01,15.490000,15.700000
2018-05-02,15.970000,16.530000
2018-05-03,15.900000,15.750000
2018-05-04,14.770000,13.860000
2018-05-07,14.750000,14.220000
2018-05-08,14.710000,13.980000
2018-05-09,13.420000,12.130000
2018-05-10,13.230000,12.430000
2018-05-11,12.650000,11.240000
2018-05-14,12.930000,11.920000
2018-05-15,14.630000,14.290000
2018-05-16,13.420000,12.360000
2018-05-17,13.430000,12.020000
2018-05-18,13.420000,11.480000
2018-05-21,13.080000,11.370000
2018-05-22,13.220000,10.920000
2018-05-23,12.580000,10.060000
2018-05-24,12.530000,10.330000
2018-05-25,13.220000,11.460000
2018-05-29,17.020000,17.240000
2018-05-30,14.940000,13.260000
2018-05-31,15.430000,14.120000
2018-06-01,13.460000,11.440000
2018-06-04,12.740000,12.020000
2018-06-05,12.400000,11.680000
2018-06-06,11.640000,11.030000
2018-06-07,12.130000,11.900000
2018-06-08,12.180000,11.560000
2018-06-11,12.350000,12.530000
2018-06-12,12.340000,12.030000
2018-06-13,12.940000,12.660000
2018-06-14,12.120000,11.560000
2018-06-15,11.980000,10.840000
2018-06-18,12.310000,11.690000
2018-06-19,13.350000,12.970000
2018-06-20,12.790000,12.160000
2018-06-21,14.640000,14.560000
2018-06-22,13.770000,12.160000
2018-06-25,17.330000,17.680000
2018-06-26,15.920000,15.160000
2018-06-27,17.910000,17.910000
2018-06-28,16.850000,15.830000
2018-06-29,16.090000,14.930000
2018-07-02,15.600000,14.420000
2018-07-03,16.140000,15.170000
2018-07-05,14.970000,14.140000
2018-07-06,13.370000,11.490000
2018-07-09,12.690000,10.790000
2018-07-10,12.640000,10.660000
2018-07-11,13.630000,11.800000
2018-07-12,12.580000,10.600000
2018-07-13,12.180000,10.070000
2018-07-16,12.830000,11.500000
2018-07-17,12.060000,10.560000
2018-07-18,12.100000,10.030000
2018-07-19,12.870000,11.150000
2018-07-20,12.860000,11.010000
2018-07-23,12.620000,11.340000
2018-07-24,12.410000,11.150000
2018-07-25,12.290000,11.270000
2018-07-26,12.140000,11.070000
2018-07-27,13.030000,11.590000
2018-07-30,14.260000,13.570000
2018-07-31,12.830000,11.640000
2018-08-01,13.150000,12.290000
2018-08-02,12.190000,10.510000
2018-08-03,11.640000,9.580000
2018-08-06,11.270000,9.740000
2018-08-07,10.930000,9.130000
2018-08-08,10.850000,8.860000
2018-08-09,11.270000,9.460000
2018-08-10,13.160000,13.090000
2018-08-13,14.780000,15.340000
2018-08-14,13.310000,12.620000
2018-08-15,14.640000,15.010000
2018-08-16,13.450000,12.920000
2018-08-17,12.640000,11.570000
2018-08-20,12.490000,11.420000
2018-08-21,12.860000,11.550000
2018-08-22,12.250000,10.770000
2018-08-23,12.410000,10.800000
2018-08-24,11.990000,10.170000
2018-08-27,12.160000,10.230000
2018-08-28,12.500000,10.200000
2018-08-29,12.250000,9.770000
2018-08-30,13.530000,11.490000
2018-08-31,12.860000,11.010000
2018-09-04,13.160000,11.970000
2018-09-05,13.910000,12.650000
2018-09-06,14.650000,13.460000
2018-09-07,14.880000,13.490000
2018-09-10,14.160000,12.570000
2018-09-11,13.220000,11.000000
2018-09-12,13.140000,10.670000
2018-09-13,12.370000,10.030000
2018-09-14,12.070000,9.930000
2018-09-17,13.680000,13.500000
2018-09-18,12.790000,11.740000
2018-09-19,11.750000,11.450000
2018-09-20,11.800000,11.040000
2018-09-21,11.680000,10.630000
2018-09-24,12.200000,11.630000
2018-09-25,12.420000,11.760000
2018-09-26,12.890000,12.700000
2018-09-27,12.410000,12.090000
2018-09-28,12.120000,11.170000
2018-10-01,12.000000,11.190000
2018-10-02,12.050000,11.130000
2018-10-03,11.610000,10.810000
2018-10-04,14.220000,15.420000
2018-10-05,14.820000,14.860000
2018-10-08,15.690000,14.920000
2018-10-09,15.950000,14.400000
2018-10-10,22.960000,25.980000
2018-10-11,24.980000,29.580000
2018-10-12,21.310000,22.840000
2018-10-15,21.300000,23.910000
2018-10-16,17.620000,17.850000
2018-10-17,17.400000,17.750000
2018-10-18,20.060000,22.310000
2018-10-19,19.890000,21.130000
2018-10-22,19.640000,20.670000
2018-10-23,20.710000,23.430000
2018-10-24,25.230000,31.910000
2018-10-25,24.220000,29.620000
2018-10-26,24.160000,29.890000
2018-10-29,24.700000,31.030000
2018-10-30,23.350000,28.870000
2018-10-31,21.230000,25.160000
2018-11-01,19.340000,21.540000
2018-11-02,19.510000,21.170000
2018-11-05,19.960000,21.630000
2018-11-06,19.910000,21.620000
2018-11-07,16.360000,15.540000
2018-11-08,16.720000,15.560000
2018-11-09,17.360000,15.630000
2018-11-12,20.450000,20.690000
2018-11-13,20.020000,19.380000
2018-11-14,21.250000,21.390000
2018-11-15,19.980000,19.500000
2018-11-16,18.140000,16.350000
2018-11-19,20.100000,20.430000
2018-11-20,22.480000,23.630000
2018-11-21,20.800000,19.860000
2018-11-23,21.520000,21.420000
2018-11-26,18.900000,20.040000
2018-11-27,19.020000,21.080000
2018-11-28,18.490000,21.920000
2018-11-29,18.790000,22.380000
2018-11-30,18.070000,22.110000
2018-12-03,16.440000,17.210000
2018-12-04,20.740000,25.130000
2018-12-06,21.190000,25.060000
2018-12-07,23.230000,27.470000
2018-12-10,22.640000,25.240000
2018-12-11,21.760000,23.790000
2018-12-12,21.460000,22.640000
2018-12-13,20.650000,20.330000
2018-12-14,21.630000,22.080000
2018-12-17,24.520000,28.000000
2018-12-18,25.580000,28.510000
2018-12-19,25.580000,26.160000
2018-12-20,28.380000,31.190000
2018-12-21,30.110000,33.030000
2018-12-24,36.070000,42.400000
2018-12-26,30.410000,33.920000
2018-12-27,29.960000,34.380000
2018-12-28,28.340000,31.640000
2018-12-31,25.420000,28.570000
2019-01-02,23.220000,22.820000
2019-01-03,25.450000,26.590000
2019-01-04,21.380000,20.850000
2019-01-07,21.400000,21.470000
2019-01-08,20.470000,20.130000
2019-01-09,19.980000,18.880000
2019-01-10,19.500000,17.740000
2019-01-11,18.190000,15.960000
2019-01-14,19.070000,17.040000
2019-01-15,18.600000,16.500000
2019-01-16,19.040000,16.340000
2019-01-17,18.060000,15.670000
2019-01-18,17.800000,15.040000
2019-01-22,20.800000,21.240000
2019-01-23,19.520000,19.400000
2019-01-24,18.890000,17.640000
2019-01-25,17.420000,16.390000
2019-01-28,18.870000,19.490000
2019-01-29,19.130000,19.950000
2019-01-30,17.660000,17.370000
2019-01-31,16.570000,15.610000
2019-02-01,16.140000,14.090000
2019-02-04,15.730000,13.670000
2019-02-05,15.570000,13.460000
2019-02-06,15.380000,12.730000
2019-02-07,16.370000,14.890000
2019-02-08,15.720000,13.610000
2019-02-11,15.970000,14.670000
2019-02-12,15.430000,13.470000
2019-02-13,15.650000,13.490000
2019-02-14,16.220000,14.110000
2019-02-15,14.910000,12.180000
2019-02-19,14.880000,13.380000
2019-02-20,14.020000,12.600000
2019-02-21,14.460000,13.180000
2019-02-22,13.510000,11.490000
2019-02-25,14.850000,14.060000
2019-02-26,15.170000,14.200000
2019-02-27,14.700000,13.140000
2019-02-28,14.780000,13.180000
2019-03-01,13.570000,11.330000
2019-03-04,14.630000,13.400000
2019-03-05,14.740000,13.360000
2019-03-06,15.740000,14.990000
2019-03-07,16.590000,16.150000
2019-03-08,16.050000,14.630000
2019-03-11,14.330000,13.400000
2019-03-12,13.770000,12.730000
2019-03-13,13.410000,12.530000
2019-03-14,13.500000,12.520000
2019-03-15,12.880000,11.220000
2019-03-18,13.100000,12.530000
2019-03-19,13.560000,13.530000
2019-03-20,13.910000,13.490000
2019-03-21,13.630000,13.110000
2019-03-22,16.480000,16.850000
2019-03-25,16.330000,16.410000
2019-03-26,14.680000,13.950000
2019-03-27,15.150000,14.700000
2019-03-28,14.430000,13.700000
2019-03-29,13.710000,12.340000
2019-04-01,13.400000,12.110000
2019-04-02,13.360000,11.860000
2019-04-03,13.740000,12.290000
2019-04-04,13.580000,11.580000
2019-04-05,12.820000,10.120000
2019-04-08,13.180000,10.740000
2019-04-09,14.280000,11.780000
2019-04-10,13.300000,10.140000
2019-04-11,13.020000,10.520000
2019-04-12,12.010000,9.740000
2019-04-15,12.320000,10.610000
2019-04-16,12.180000,10.760000
2019-04-17,12.600000,11.000000
2019-04-18,12.090000,9.930000
2019-04-22,12.420000,11.630000
2019-04-23,12.280000,11.640000
2019-04-24,13.140000,12.540000
2019-04-25,13.250000,12.360000
2019-04-26,12.730000,11.810000
2019-04-29,13.110000,12.520000
2019-04-30,13.120000,12.440000
2019-05-01,14.800000,14.950000
2019-05-02,14.420000,13.920000
2019-05-03,12.870000,10.960000
2019-05-06,15.440000,15.450000
2019-05-07,19.320000,20.740000
2019-05-08,19.400000,21.330000
2019-05-09,19.100000,21.860000
2019-05-10,16.040000,16.570000
2019-05-13,20.550000,22.760000
2019-05-14,18.060000,18.760000
2019-05-15,16.440000,16.310000
2019-05-16,15.290000,15.060000
2019-05-17,15.960000,16.260000
2019-05-20,16.310000,16.820000
2019-05-21,14.950000,14.500000
2019-05-22,14.750000,13.920000
2019-05-23,16.920000,17.400000
2019-05-24,15.850000,15.360000
2019-05-28,17.500000,17.980000
2019-05-29,17.900000,18.340000
2019-05-30,17.300000,17.120000
2019-05-31,18.710000,19.000000
2019-06-03,18.860000,19.260000
2019-06-04,16.970000,16.650000
2019-06-05,16.090000,14.900000
2019-06-06,15.930000,14.880000
2019-06-07,16.300000,15.020000
2019-06-10,15.940000,15.250000
2019-06-11,15.990000,15.150000
2019-06-12,15.910000,14.660000
2019-06-13,15.820000,14.590000
2019-06-14,15.280000,13.560000
2019-06-17,15.350000,14.990000
2019-06-18,15.150000,15.290000
2019-06-19,14.330000,13.870000
2019-06-20,14.750000,14.770000
2019-06-21,15.400000,14.830000
2019-06-24,15.260000,15.800000
2019-06-25,16.280000,17.010000
2019-06-26,16.210000,16.800000
2019-06-27,15.820000,16.340000
2019-06-28,15.080000,15.670000
2019-07-01,14.060000,12.510000
2019-07-02,12.930000,10.420000
2019-07-03,12.570000,9.910000
2019-07-05,13.280000,10.570000
2019-07-08,13.960000,11.120000
2019-07-09,14.090000,11.080000
2019-07-10,13.030000,9.940000
2019-07-11,12.930000,10.080000
2019-07-12,12.390000,9.880000
2019-07-15,12.680000,11.010000
2019-07-16,12.860000,11.710000
2019-07-17,13.970000,13.420000
2019-07-18,13.530000,12.680000
2019-07-19,14.450000,13.560000
2019-07-22,13.530000,13.640000
2019-07-23,12.610000,12.820000
2019-07-24,12.070000,12.190000
2019-07-25,12.740000,12.530000
2019-07-26,12.160000,11.540000
2019-07-29,12.830000,12.670000
2019-07-30,13.940000,14.460000
2019-07-31,16.120000,18.410000
2019-08-01,17.870000,19.320000
2019-08-02,17.610000,17.690000
2019-08-05,24.590000,29.140000
2019-08-06,20.170000,21.840000
2019-08-07,19.490000,20.950000
2019-08-08,16.910000,16.770000
2019-08-09,17.970000,17.750000
2019-08-12,21.090000,22.450000
2019-08-13,17.520000,17.490000
2019-08-14,22.100000,24.420000
2019-08-15,21.180000,22.450000
2019-08-16,18.470000,18.360000
2019-08-19,16.880000,17.200000
2019-08-20,17.500000,18.430000
2019-08-21,15.800000,16.090000
2019-08-22,16.680000,16.710000
2019-08-23,19.870000,21.550000
2019-08-26,19.320000,19.820000
2019-08-27,20.310000,20.810000
2019-08-28,19.350000,19.160000
2019-08-29,17.880000,16.850000
2019-08-30,18.980000,18.600000
2019-09-03,19.660000,19.070000
2019-09-04,17.330000,15.600000
2019-09-05,16.270000,14.590000
2019-09-06,15.000000,12.390000
2019-09-09,15.270000,13.660000
2019-09-10,15.200000,13.760000
2019-09-11,14.610000,13.130000
2019-09-12,14.220000,13.100000
2019-09-13,13.740000,12.620000
2019-09-16,14.670000,14.600000
2019-09-17,14.440000,14.540000
2019-09-18,13.950000,14.130000
2019-09-19,14.050000,13.180000
2019-09-20,15.320000,14.680000
2019-09-23,14.910000,9.830000
2019-09-24,17.050000,17.730000
2019-09-25,15.960000,15.300000
2019-09-26,16.070000,15.200000
2019-09-27,17.220000,16.770000
2019-09-30,16.240000,15.280000
2019-10-01,18.560000,18.940000
2019-10-02,20.560000,21.710000
2019-10-03,19.120000,19.480000
2019-10-04,17.040000,16.270000
2019-10-07,17.860000,17.700000
2019-10-08,20.280000,20.290000
2019-10-09,18.640000,18.260000
2019-10-10,17.570000,17.780000
2019-10-11,15.580000,15.280000
2019-10-14,14.570000,14.010000
2019-10-15,13.540000,12.300000
2019-10-16,13.680000,11.920000
2019-10-17,13.790000,11.900000
2019-10-18,14.250000,12.350000
2019-10-21,14.000000,12.610000
2019-10-22,14.460000,13.300000
2019-10-23,14.010000,12.270000
2019-10-24,13.710000,11.890000
2019-10-25,12.650000,10.330000
2019-10-28,13.110000,11.700000
2019-10-29,13.200000,11.750000
2019-10-30,12.330000,10.670000
2019-10-31,13.220000,11.580000
2019-11-01,12.300000,9.840000
2019-11-04,12.830000,11.080000
2019-11-05,13.100000,10.990000
2019-11-06,12.620000,9.470000
2019-11-07,12.730000,10.160000
2019-11-08,12.070000,9.320000
2019-11-11,12.690000,10.690000
2019-11-12,12.680000,10.800000
2019-11-13,13.000000,10.970000
2019-11-14,13.050000,11.230000
2019-11-15,12.050000,9.670000
2019-11-18,12.460000,10.180000
2019-11-19,12.860000,10.250000
2019-11-20,12.780000,10.200000
2019-11-21,13.130000,10.560000
2019-11-22,12.340000,9.220000
2019-11-25,11.870000,9.760000
2019-11-26,11.540000,9.500000
2019-11-27,11.750000,9.900000
2019-11-29,12.620000,11.360000
2019-12-02,14.910000,15.300000
2019-12-03,15.960000,16.860000
2019-12-04,14.800000,14.920000
2019-12-05,14.520000,13.940000
2019-12-06,13.620000,12.810000
2019-12-09,15.860000,17.060000
2019-12-10,15.680000,16.240000
2019-12-11,14.990000,15.270000
2019-12-12,13.940000,14.670000
2019-12-13,12.630000,12.410000
2019-12-16,12.140000,11.630000
2019-12-17,12.290000,11.160000
2019-12-18,12.580000,10.300000
2019-12-19,12.500000,9.390000
2019-12-20,12.510000,9.270000
2019-12-23,12.610000,9.830000
2019-12-24,12.670000,9.560000
2019-12-26,12.650000,9.940000
2019-12-27,13.430000,11.000000
2019-12-30,14.820000,13.770000
2019-12-31,13.780000,13.260000
2020-01-02,12.470000,10.600000
2020-01-03,14.020000,12.780000
2020-01-06,13.850000,12.420000
2020-01-07,13.790000,12.340000
2020-01-08,13.450000,12.220000
2020-01-09,12.540000,10.860000
2020-01-10,12.560000,10.570000
2020-01-13,12.320000,10.050000
2020-01-14,12.390000,10.180000
2020-01-15,12.420000,9.690000
2020-01-16,12.320000,9.710000
2020-01-17,12.100000,9.040000
2020-01-21,12.850000,11.380000
2020-01-22,12.910000,11.030000
2020-01-23,12.980000,11.400000
2020-01-24,14.560000,14.650000
2020-01-27,18.230000,21.300000
2020-01-28,16.280000,18.340000
2020-01-29,16.390000,18.120000
2020-01-30,15.490000,16.410000
2020-01-31,18.840000,21.660000
2020-02-03,17.970000,19.230000
2020-02-04,16.050000,15.810000
2020-02-05,15.150000,13.690000
2020-02-06,14.960000,12.980000
2020-02-07,15.470000,13.730000
2020-02-10,15.040000,12.890000
2020-02-11,15.180000,13.040000
2020-02-12,13.740000,10.840000
2020-02-13,14.150000,11.830000
2020-02-14,13.680000,10.980000
2020-02-18,14.830000,13.020000
2020-02-19,14.380000,11.880000
2020-02-20,15.560000,13.860000
2020-02-21,17.080000,15.770000
2020-02-24,25.030000,31.900000
2020-02-25,27.850000,36.350000
2020-02-26,27.560000,34.840000
2020-02-27,39.160000,54.740000
2020-02-28,40.110000,52.900000
2020-03-02,33.420000,42.170000
2020-03-03,36.820000,47.340000
2020-03-04,31.990000,37.060000
2020-03-05,39.620000,48.630000
2020-03-06,41.940000,48.550000
2020-03-09,54.460000,70.300000
2020-03-10,47.300000,57.390000
2020-03-11,53.900000,68.210000
2020-03-12,75.470000,103.560000
2020-03-13,57.830000,69.870000
2020-03-16,82.690000,106.660000
2020-03-17,75.910000,92.930000
2020-03-18,76.450000,97.220000
2020-03-19,72.000000,91.020000
2020-03-20,66.040000,83.470000
2020-03-23,61.590000,78.760000
2020-03-24,61.670000,78.040000
2020-03-25,63.950000,81.300000
2020-03-26,61.000000,73.610000
2020-03-27,65.540000,72.330000
2020-03-30,57.080000,62.800000
2020-03-31,53.540000,60.160000
2020-04-01,57.060000,61.330000
2020-04-02,50.910000,52.810000
2020-04-03,46.800000,46.660000
2020-04-06,45.240000,47.020000
2020-04-07,46.700000,48.340000
2020-04-08,43.350000,42.460000
2020-04-09,41.670000,40.420000
2020-04-13,41.170000,41.740000
2020-04-14,37.760000,38.810000
2020-04-15,40.840000,41.640000
2020-04-16,40.110000,40.490000
2020-04-17,38.150000,36.180000
2020-04-20,43.830000,44.000000
2020-04-21,45.410000,45.460000
2020-04-22,41.980000,40.210000
2020-04-23,41.380000,39.350000
2020-04-24,35.930000,31.720000
2020-04-27,33.290000,31.410000
2020-04-28,33.570000,32.440000
2020-04-29,31.230000,29.660000
2020-04-30,34.150000,32.880000
2020-05-01,37.190000,35.570000
2020-05-04,35.970000,35.450000
2020-05-05,33.610000,33.190000
2020-05-06,34.120000,33.980000
2020-05-07,31.440000,29.750000
2020-05-08,27.980000,24.890000
2020-05-11,27.570000,26.170000
2020-05-12,33.040000,33.360000
2020-05-13,35.280000,34.630000
2020-05-14,32.610000,31.660000
2020-05-15,31.890000,29.710000
2020-05-18,29.300000,27.620000
2020-05-19,30.530000,28.030000
2020-05-20,27.990000,24.930000
2020-05-21,29.530000,26.150000
2020-05-22,28.160000,23.470000
2020-05-26,28.010000,25.500000
2020-05-27,27.620000,25.170000
2020-05-28,28.590000,26.020000
2020-05-29,27.510000,24.590000
2020-06-01,28.230000,27.080000
2020-06-02,26.840000,25.060000
2020-06-03,25.660000,23.970000
2020-06-04,25.810000,23.560000
2020-06-05,24.520000,22.630000
2020-06-08,25.810000,25.180000
2020-06-09,27.570000,26.920000
2020-06-10,27.570000,27.100000
2020-06-11,40.790000,42.060000
2020-06-12,36.090000,36.520000
2020-06-15,34.400000,35.980000
2020-06-16,33.670000,35.380000
2020-06-17,33.470000,33.980000
2020-06-18,32.940000,32.050000
2020-06-19,35.120000,33.920000
2020-06-22,31.770000,31.230000
2020-06-23,31.370000,30.290000
2020-06-24,33.840000,33.250000
2020-06-25,32.220000,30.920000
2020-06-26,34.730000,33.310000
2020-06-29,31.780000,30.420000
2020-06-30,30.430000,29.140000
2020-07-01,28.620000,25.200000
2020-07-02,27.680000,22.640000
2020-07-06,27.940000,25.230000
2020-07-07,29.430000,26.840000
2020-07-08,28.080000,23.670000
2020-07-09,29.260000,25.550000
2020-07-10,27.290000,22.590000
2020-07-13,32.190000,30.310000
2020-07-14,29.520000,27.780000
2020-07-15,27.760000,25.220000
2020-07-16,28.000000,25.850000
2020-07-17,25.680000,22.160000
2020-07-20,24.460000,22.520000
2020-07-21,24.840000,23.330000
2020-07-22,24.320000,21.650000
2020-07-23,26.080000,24.100000
2020-07-24,25.840000,22.700000
2020-07-27,24.740000,22.380000
2020-07-28,25.440000,23.540000
2020-07-29,24.100000,21.930000
2020-07-30,24.760000,22.790000
2020-07-31,24.460000,20.610000
2020-08-03,24.280000,20.950000
2020-08-04,23.760000,20.440000
2020-08-05,22.990000,19.020000
2020-08-06,22.650000,19.400000
2020-08-07,22.210000,18.080000
2020-08-10,22.130000,18.880000
2020-08-11,24.030000,21.890000
2020-08-12,22.280000,18.900000
2020-08-13,22.130000,18.540000
2020-08-14,22.050000,17.870000
2020-08-17,21.350000,17.600000
2020-08-18,21.510000,17.820000
2020-08-19,22.540000,19.230000
2020-08-20,22.720000,18.850000
2020-08-21,22.540000,18.010000
2020-08-24,22.370000,18.810000
2020-08-25,22.030000,18.090000
2020-08-26,23.270000,19.960000
2020-08-27,24.470000,20.190000
2020-08-28,22.960000,17.130000
2020-08-31,26.410000,21.100000
2020-09-01,26.120000,19.650000
2020-09-02,26.570000,20.710000
2020-09-03,33.600000,30.450000
2020-09-04,30.750000,29.410000
2020-09-08,31.460000,32.910000
2020-09-09,28.810000,29.090000
2020-09-10,29.710000,30.430000
2020-09-11,26.870000,26.330000
2020-09-14,25.850000,25.060000
2020-09-15,25.590000,24.220000
2020-09-16,26.040000,23.770000
2020-09-17,26.460000,24.950000
2020-09-18,25.830000,24.020000
2020-09-21,27.780000,28.110000
2020-09-22,26.860000,25.950000
2020-09-23,28.580000,27.970000
2020-09-24,28.510000,27.650000
2020-09-25,26.380000,24.570000
2020-09-28,26.190000,25.210000
2020-09-29,26.270000,25.990000
2020-09-30,26.370000,25.770000
2020-10-01,26.700000,24.800000
2020-10-02,27.630000,24.640000
2020-10-05,27.960000,23.510000
2020-10-06,29.480000,25.080000
2020-10-07,28.060000,21.740000
2020-10-08,26.360000,19.940000
2020-10-09,25.000000,18.850000
2020-10-12,25.070000,20.300000
2020-10-13,26.070000,21.390000
2020-10-14,26.400000,21.300000
2020-10-15,26.970000,21.380000
2020-10-16,27.410000,21.640000
2020-10-19,29.180000,24.650000
2020-10-20,29.350000,24.570000
2020-10-21,28.650000,23.200000
2020-10-22,28.110000,24.060000
2020-10-23,27.550000,24.290000
2020-10-26,32.460000,35.910000
2020-10-27,33.350000,37.290000
2020-10-28,40.280000,47.900000
2020-10-29,37.590000,44.340000
2020-10-30,38.020000,44.330000
2020-11-02,37.130000,43.860000
2020-11-03,35.550000,43.200000
2020-11-04,29.570000,32.460000
2020-11-05,27.580000,28.090000
2020-11-06,24.860000,23.960000
2020-11-09,25.750000,26.710000
2020-11-10,24.800000,24.430000
2020-11-11,23.450000,21.590000
2020-11-12,25.350000,23.880000
2020-11-13,23.100000,21.010000
2020-11-16,22.450000,19.330000
2020-11-17,22.710000,18.810000
2020-11-18,23.840000,19.590000
2020-11-19,23.110000,19.260000
2020-11-20,23.700000,19.860000
2020-11-23,22.660000,19.580000
2020-11-24,21.640000,18.400000
2020-11-25,21.250000,17.140000
2020-11-27,20.840000,18.250000
2020-11-30,20.570000,19.870000
2020-12-01,20.770000,19.870000
2020-12-02,21.170000,19.290000
2020-12-03,21.280000,19.350000
2020-12-04,20.790000,17.960000
2020-12-07,21.300000,18.740000
2020-12-08,20.680000,18.170000
2020-12-09,22.270000,19.990000
2020-12-10,22.520000,19.670000
2020-12-11,23.310000,20.450000
2020-12-14,24.720000,23.670000
2020-12-15,22.890000,20.190000
2020-12-16,22.500000,18.800000
2020-12-17,21.930000,18.620000
2020-12-18,21.570000,16.700000
2020-12-21,25.160000,21.560000
2020-12-22,24.230000,19.910000
2020-12-23,23.310000,19.200000
2020-12-24,21.530000,17.120000
2020-12-28,21.700000,20.050000
2020-12-29,23.080000,21.470000
2020-12-30,22.770000,21.310000
2020-12-31,22.750000,21.200000
2021-01-04,26.970000,27.390000
2021-01-05,25.340000,24.290000
2021-01-06,25.070000,23.770000
2021-01-07,22.370000,19.420000
2021-01-08,21.560000,18.340000
2021-01-11,24.080000,21.690000
2021-01-12,23.330000,20.650000
2021-01-13,22.210000,18.910000
2021-01-14,23.250000,21.170000
2021-01-15,24.340000,21.690000
2021-01-19,23.240000,21.880000
2021-01-20,21.580000,18.850000
2021-01-21,21.320000,18.230000
2021-01-22,21.910000,18.420000
2021-01-25,23.190000,20.660000
2021-01-26,23.020000,20.460000
2021-01-27,37.210000,41.640000
2021-01-28,30.210000,30.000000
2021-01-29,33.090000,32.630000
2021-02-01,30.240000,28.990000
2021-02-02,25.560000,22.440000
2021-02-03,22.910000,18.970000
2021-02-04,21.770000,17.480000
2021-02-05,20.870000,15.520000
2021-02-08,21.240000,16.570000
2021-02-09,21.630000,17.090000
2021-02-10,21.990000,17.680000
2021-02-11,21.250000,17.090000
2021-02-12,19.970000,15.050000
2021-02-16,21.460000,19.320000
2021-02-17,21.500000,18.410000
2021-02-18,22.490000,19.460000
2021-02-19,22.050000,18.330000
2021-02-22,23.450000,21.220000
2021-02-23,23.110000,21.300000
2021-02-24,21.340000,18.350000
2021-02-25,28.890000,31.810000
2021-02-26,27.950000,29.420000
2021-03-01,23.350000,22.700000
2021-03-02,24.100000,23.170000
2021-03-03,26.670000,26.880000
2021-03-04,28.570000,29.300000
2021-03-05,24.660000,23.830000
2021-03-08,25.470000,25.700000
2021-03-09,24.030000,24.110000
2021-03-10,22.560000,20.980000
2021-03-11,21.910000,20.010000
2021-03-12,20.690000,17.410000
2021-03-15,20.030000,17.740000
2021-03-16,19.790000,17.930000
2021-03-17,19.230000,16.690000
2021-03-18,21.580000,20.330000
2021-03-19,20.950000,18.280000
2021-03-22,18.880000,16.400000
2021-03-23,20.300000,18.370000
2021-03-24,21.200000,19.070000
2021-03-25,19.810000,17.160000
2021-03-26,18.860000,16.320000
2021-03-29,20.740000,18.850000
2021-03-30,19.610000,17.280000
2021-03-31,19.400000,15.620000
2021-04-01,17.330000,12.970000
2021-04-05,17.910000,15.650000
2021-04-06,18.120000,15.710000
2021-04-07,17.160000,14.130000
2021-04-08,16.950000,13.940000
2021-04-09,16.690000,13.190000
2021-04-12,16.910000,14.240000
2021-04-13,16.650000,13.780000
2021-04-14,16.990000,14.100000
2021-04-15,16.570000,14.220000
2021-04-16,16.250000,12.970000
2021-04-19,17.290000,15.420000
2021-04-20,18.680000,17.330000
2021-04-21,17.500000,14.790000
2021-04-22,18.710000,16.770000
2021-04-23,17.330000,14.070000
2021-04-26,17.640000,14.810000
2021-04-27,17.560000,14.550000
2021-04-28,17.280000,13.620000
2021-04-29,17.610000,13.960000
2021-04-30,18.610000,15.530000
2021-05-03,18.310000,16.170000
2021-05-04,19.480000,17.750000
2021-05-05,19.150000,17.570000
2021-05-06,18.390000,16.040000
2021-05-07,16.690000,14.090000
2021-05-10,19.660000,19.680000
2021-05-11,21.840000,22.030000
2021-05-12,27.590000,29.550000
2021-05-13,23.130000,23.210000
2021-05-14,18.810000,17.410000
2021-05-17,19.720000,18.830000
2021-05-18,21.340000,20.990000
2021-05-19,22.180000,21.210000
2021-05-20,20.670000,18.560000
2021-05-21,20.150000,17.120000
2021-05-24,18.400000,14.670000
2021-05-25,18.840000,15.790000
2021-05-26,17.360000,13.840000
2021-05-27,16.740000,13.030000
2021-05-28,16.760000,12.730000
2021-06-01,17.900000,15.000000
2021-06-02,17.480000,13.700000
2021-06-03,18.040000,15.180000
2021-06-04,16.420000,12.700000
2021-06-07,16.420000,13.910000
2021-06-08,17.070000,15.430000
2021-06-09,17.890000,17.090000
2021-06-10,16.100000,13.830000
2021-06-11,15.650000,13.060000
2021-06-14,16.390000,14.920000
2021-06-15,17.020000,15.920000
2021-06-16,18.150000,17.940000
2021-06-17,17.750000,16.670000
2021-06-18,20.700000,20.140000
2021-06-21,17.890000,16.830000
2021-06-22,16.660000,14.580000
2021-06-23,16.320000,13.630000
2021-06-24,15.970000,12.770000
2021-06-25,15.620000,11.860000
2021-06-28,15.760000,11.920000
2021-06-29,16.020000,11.860000
2021-06-30,15.830000,11.110000
2021-07-01,15.480000,11.430000
2021-07-02,15.070000,10.400000
2021-07-06,16.440000,13.760000
2021-07-07,16.200000,13.070000
2021-07-08,19.000000,17.240000
2021-07-09,16.180000,13.020000
2021-07-12,16.170000,13.520000
2021-07-13,17.120000,14.980000
2021-07-14,16.330000,13.450000
2021-07-15,17.010000,14.550000
2021-07-16,18.450000,16.300000
2021-07-19,22.500000,22.150000
2021-07-20,19.730000,17.860000
2021-07-21,17.910000,14.650000
2021-07-22,17.690000,14.070000
2021-07-23,17.200000,12.870000
2021-07-26,17.580000,14.010000
2021-07-27,19.360000,17.160000
2021-07-28,18.310000,14.820000
2021-07-29,17.700000,13.650000
2021-07-30,18.240000,14.360000
2021-08-02,19.460000,16.210000
2021-08-03,18.040000,13.680000
2021-08-04,17.970000,13.620000
2021-08-05,17.280000,13.250000
2021-08-06,16.150000,10.960000
2021-08-09,16.720000,12.750000
2021-08-10,16.790000,13.230000
2021-08-11,16.060000,11.580000
2021-08-12,15.590000,11.540000
2021-08-13,15.450000,11.210000
2021-08-16,16.120000,13.070000
2021-08-17,17.910000,16.290000
2021-08-18,21.570000,23.120000
2021-08-19,21.670000,21.240000
2021-08-20,18.560000,15.100000
2021-08-23,17.150000,14.020000
2021-08-24,17.220000,13.940000
2021-08-25,16.790000,12.990000
2021-08-26,18.840000,17.110000
2021-08-27,16.390000,12.320000
2021-08-30,16.190000,12.000000
2021-08-31,16.480000,12.750000
2021-09-01,16.110000,11.750000
2021-09-02,16.410000,12.730000
2021-09-03,16.410000,11.660000
2021-09-07,18.140000,15.330000
2021-09-08,17.960000,14.750000
2021-09-09,18.800000,16.550000
2021-09-10,20.950000,22.580000
2021-09-13,19.370000,20.200000
2021-09-14,19.460000,19.430000
2021-09-15,18.180000,16.200000
2021-09-16,18.690000,16.640000
2021-09-17,20.810000,19.660000
2021-09-20,25.710000,27.700000
2021-09-21,24.360000,25.130000
2021-09-22,20.870000,19.460000
2021-09-23,18.630000,17.080000
2021-09-24,17.750000,15.240000
2021-09-27,18.760000,16.960000
2021-09-28,23.250000,24.560000
2021-09-29,22.560000,21.790000
2021-09-30,23.140000,23.030000
2021-10-01,21.150000,19.420000
2021-10-04,22.960000,23.040000
2021-10-05,21.300000,20.320000
2021-10-06,21.000000,19.540000
2021-10-07,19.540000,18.130000
2021-10-08,18.770000,16.740000
2021-10-11,20.000000,19.750000
2021-10-12,19.850000,19.410000
2021-10-13,18.640000,17.450000
2021-10-14,16.860000,14.800000
2021-10-15,16.300000,13.240000
2021-10-18,16.310000,13.910000
2021-10-19,15.700000,13.340000
2021-10-20,15.490000,12.690000
2021-10-21,15.010000,11.810000
2021-10-22,15.430000,11.980000
2021-10-25,15.240000,13.090000
2021-10-26,15.980000,14.330000
2021-10-27,16.980000,15.160000
2021-10-28,16.530000,14.310000
2021-10-29,16.260000,13.670000
2021-11-01,16.410000,15.020000
2021-11-02,16.030000,14.740000
2021-11-03,15.100000,13.100000
2021-11-04,15.440000,13.040000
2021-11-05,16.480000,13.150000
2021-11-08,17.220000,14.430000
2021-11-09,17.780000,15.190000
2021-11-10,18.730000,15.950000
2021-11-11,17.660000,14.300000
2021-11-12,16.290000,11.990000
2021-11-15,16.490000,12.200000
2021-11-16,16.370000,11.940000
2021-11-17,17.110000,11.510000
2021-11-18,17.590000,12.430000
2021-11-19,17.910000,12.450000
2021-11-22,19.170000,16.060000
2021-11-23,19.380000,16.350000
2021-11-24,18.580000,14.820000
2021-11-26,28.620000,30.600000
2021-11-29,22.960000,21.430000
2021-11-30,27.190000,28.380000
2021-12-01,31.120000,33.930000
2021-12-02,27.950000,28.040000
2021-12-03,30.670000,31.700000
2021-12-06,27.180000,27.290000
2021-12-07,21.890000,20.830000
2021-12-08,19.900000,17.500000
2021-12-09,21.580000,20.490000
2021-12-10,18.690000,15.700000
2021-12-13,20.310000,18.540000
2021-12-14,21.890000,21.020000
2021-12-15,19.290000,16.780000
2021-12-16,20.570000,18.760000
2021-12-17,21.570000,19.350000
2021-12-20,22.870000,22.210000
2021-12-21,21.010000,18.830000
2021-12-22,18.630000,14.760000
2021-12-23,17.960000,13.710000
2021-12-27,17.680000,14.480000
2021-12-28,17.540000,14.400000
2021-12-29,16.950000,12.850000
2021-12-30,17.330000,13.860000
2021-12-31,17.220000,13.260000
2022-01-03,16.600000,13.520000
2022-01-04,16.910000,13.880000
2022-01-05,19.730000,18.070000
2022-01-06,19.610000,17.060000
2022-01-07,18.760000,15.400000
2022-01-10,19.400000,17.910000
2022-01-11,18.410000,16.590000
2022-01-12,17.620000,14.680000
2022-01-13,20.310000,18.790000
2022-01-14,19.190000,17.310000
2022-01-18,22.790000,24.170000
2022-01-19,23.850000,23.960000
2022-01-20,25.590000,26.730000
2022-01-21,28.850000,30.860000
2022-01-24,29.900000,35.820000
2022-01-25,31.160000,37.180000
2022-01-26,31.960000,37.400000
2022-01-27,30.490000,33.030000
2022-01-28,27.660000,28.130000
2022-01-31,24.830000,25.330000
2022-02-01,21.960000,21.100000
2022-02-02,22.090000,21.600000
2022-02-03,24.350000,24.110000
2022-02-04,23.220000,21.860000
2022-02-07,22.860000,21.610000
2022-02-08,21.440000,20.070000
2022-02-09,19.960000,18.670000
2022-02-10,23.910000,23.710000
2022-02-11,27.360000,26.840000
2022-02-14,28.330000,27.620000
2022-02-15,25.700000,24.490000
2022-02-16,24.290000,21.320000
2022-02-17,28.110000,27.690000
2022-02-18,27.750000,26.030000
2022-02-22,28.810000,28.620000
2022-02-23,31.020000,30.710000
2022-02-24,30.320000,30.040000
2022-02-25,27.590000,26.150000
2022-02-28,30.150000,31.500000
2022-03-01,33.320000,34.800000
2022-03-02,30.740000,30.790000
2022-03-03,30.480000,30.020000
2022-03-04,31.980000,31.110000
2022-03-07,36.450000,38.570000
2022-03-08,35.130000,36.660000
2022-03-09,32.450000,33.440000
2022-03-10,30.230000,30.010000
2022-03-11,30.750000,30.630000
2022-03-14,31.770000,34.230000
2022-03-15,29.830000,30.710000
2022-03-16,26.670000,26.510000
2022-03-17,25.670000,24.940000
2022-03-18,23.870000,22.190000
2022-03-21,23.530000,22.730000
2022-03-22,22.940000,22.570000
2022-03-23,23.570000,23.210000
2022-03-24,21.670000,20.420000
2022-03-25,20.810000,18.450000
2022-03-28,19.630000,17.820000
2022-03-29,18.900000,17.540000
2022-03-30,19.330000,17.430000
2022-03-31,20.560000,18.400000
2022-04-01,19.630000,16.000000
2022-04-04,18.570000,15.760000
2022-04-05,21.030000,18.620000
2022-04-06,22.100000,19.640000
2022-04-07,21.550000,19.050000
2022-04-08,21.160000,17.300000
2022-04-11,24.370000,22.850000
2022-04-12,24.260000,22.490000
2022-04-13,21.820000,19.150000
2022-04-14,22.700000,19.340000
2022-04-18,22.170000,20.880000
2022-04-19,21.370000,20.700000
2022-04-20,20.320000,19.300000
2022-04-21,22.680000,22.210000
2022-04-22,28.210000,29.070000
2022-04-25,27.020000,28.950000
2022-04-26,33.520000,37.740000
2022-04-27,31.600000,34.820000
2022-04-28,29.990000,32.250000
2022-04-29,33.400000,36.110000
2022-05-02,32.340000,35.400000
2022-05-03,29.250000,31.610000
2022-05-04,25.420000,26.160000
2022-05-05,31.200000,33.250000
2022-05-06,30.190000,29.790000
2022-05-09,34.750000,36.650000
2022-05-10,32.990000,34.700000
2022-05-11,32.560000,33.920000
2022-05-12,31.770000,33.320000
2022-05-13,28.870000,29.380000
2022-05-16,27.470000,28.520000
2022-05-17,26.100000,26.920000
2022-05-18,30.960000,32.300000
2022-05-19,29.350000,30.690000
2022-05-20,29.430000,29.190000
2022-05-23,28.480000,28.980000
2022-05-24,29.450000,29.480000
2022-05-25,28.370000,27.370000
2022-05-26,27.500000,25.670000
2022-05-27,25.720000,23.130000
2022-05-31,26.190000,25.910000
2022-06-01,25.690000,25.120000
2022-06-02,24.720000,23.570000
2022-06-03,24.790000,23.050000
2022-06-06,25.070000,25.570000
2022-06-07,24.020000,24.230000
2022-06-08,23.960000,23.910000
2022-06-09,26.090000,27.540000
2022-06-10,27.750000,28.780000
2022-06-13,34.020000,38.860000
2022-06-14,32.690000,36.950000
2022-06-15,29.620000,32.530000
2022-06-16,32.950000,36.580000
2022-06-17,31.130000,30.400000
2022-06-21,30.190000,30.380000
2022-06-22,28.950000,28.300000
2022-06-23,29.050000,28.290000
2022-06-24,27.230000,26.040000
2022-06-27,26.950000,25.810000
2022-06-28,28.360000,27.180000
2022-06-29,28.160000,26.560000
2022-06-30,28.710000,26.860000
2022-07-01,26.700000,23.560000
2022-07-05,27.540000,27.340000
2022-07-06,26.730000,25.950000
2022-07-07,26.080000,24.790000
2022-07-08,24.640000,21.910000
2022-07-11,26.170000,24.460000
2022-07-12,27.290000,27.130000
2022-07-13,26.820000,25.940000
2022-07-14,26.400000,25.220000
2022-07-15,24.230000,22.140000
2022-07-18,25.300000,25.600000
2022-07-19,24.500000,26.200000
2022-07-20,23.880000,25.180000
2022-07-21,23.110000,23.440000
2022-07-22,23.030000,22.090000
2022-07-25,23.360000,23.090000
2022-07-26,24.690000,24.950000
2022-07-27,23.240000,22.140000
2022-07-28,22.330000,20.810000
2022-07-29,21.330000,18.570000
2022-08-01,22.840000,21.940000
2022-08-02,23.930000,23.250000
2022-08-03,21.950000,20.560000
2022-08-04,21.440000,19.690000
2022-08-05,21.150000,19.320000
2022-08-08,21.290000,19.930000
2022-08-09,21.770000,20.810000
2022-08-10,19.740000,17.590000
2022-08-11,20.200000,18.030000
2022-08-12,19.530000,16.780000
2022-08-15,19.950000,18.540000
2022-08-16,19.690000,18.600000
2022-08-17,19.900000,18.640000
2022-08-18,19.560000,17.670000
2022-08-19,20.600000,18.240000
2022-08-22,23.800000,22.850000
2022-08-23,24.110000,23.350000
2022-08-24,22.820000,21.200000
2022-08-25,21.780000,20.340000
2022-08-26,25.560000,23.900000
2022-08-29,26.210000,24.760000
2022-08-30,26.210000,24.410000
2022-08-31,25.870000,23.690000
2022-09-01,25.560000,23.760000
2022-09-02,25.470000,22.970000
2022-09-06,26.910000,26.990000
2022-09-07,24.640000,24.050000
2022-09-08,23.610000,22.840000
2022-09-09,22.790000,21.710000
2022-09-12,23.870000,25.260000
2022-09-13,27.270000,29.140000
2022-09-14,26.160000,27.280000
2022-09-15,26.270000,27.110000
2022-09-16,26.300000,27.060000
2022-09-19,25.760000,27.780000
2022-09-20,27.160000,30.390000
2022-09-21,27.990000,30.340000
2022-09-22,27.350000,27.670000
2022-09-23,29.920000,30.250000
2022-09-26,32.260000,34.140000
2022-09-27,32.600000,33.490000
2022-09-28,30.180000,31.160000
2022-09-29,31.840000,32.670000
2022-09-30,31.620000,31.190000
2022-10-03,30.100000,30.650000
2022-10-04,29.070000,29.820000
2022-10-05,28.550000,28.810000
2022-10-06,30.520000,31.300000
2022-10-07,31.360000,30.550000
2022-10-10,32.450000,32.220000
2022-10-11,33.630000,34.660000
2022-10-12,33.570000,34.610000
2022-10-13,31.940000,31.510000
2022-10-14,32.020000,29.670000
2022-10-17,31.370000,30.600000
2022-10-18,30.500000,28.990000
2022-10-19,30.760000,28.670000
2022-10-20,29.980000,27.870000
2022-10-21,29.690000,28.460000
2022-10-24,29.850000,31.660000
2022-10-25,28.460000,30.670000
2022-10-26,27.280000,29.320000
2022-10-27,27.390000,29.770000
2022-10-28,25.750000,27.810000
2022-10-31,25.880000,29.800000
2022-11-01,25.810000,30.510000
2022-11-02,25.860000,29.370000
2022-11-03,25.300000,28.400000
2022-11-04,24.550000,27.040000
2022-11-07,24.350000,27.160000
2022-11-08,25.540000,28.700000
2022-11-09,26.090000,28.900000
2022-11-10,23.530000,24.460000
2022-11-11,22.520000,21.310000
2022-11-14,23.730000,21.190000
2022-11-15,24.540000,21.800000
2022-11-16,24.110000,19.670000
2022-11-17,23.930000,19.740000
2022-11-18,23.120000,18.340000
2022-11-21,22.360000,19.510000
2022-11-22,21.290000,19.030000
2022-11-23,20.350000,16.910000
2022-11-25,20.500000,17.060000
2022-11-28,22.210000,20.070000
2022-11-29,21.890000,20.390000
2022-11-30,20.580000,18.870000
2022-12-01,19.840000,18.380000
2022-12-02,19.060000,17.950000
2022-12-05,20.750000,23.810000
2022-12-06,22.170000,27.080000
2022-12-07,22.680000,28.070000
2022-12-08,22.290000,26.740000
2022-12-09,22.830000,26.480000
2022-12-12,25.000000,29.540000
2022-12-13,22.550000,23.700000
2022-12-14,21.140000,20.200000
2022-12-15,22.830000,21.730000
2022-12-16,22.620000,20.510000
2022-12-19,22.420000,20.830000
2022-12-20,21.480000,19.780000
2022-12-21,20.070000,17.580000
2022-12-22,21.970000,19.840000
2022-12-23,20.870000,17.490000
2022-12-27,21.650000,19.770000
2022-12-28,22.140000,20.880000
2022-12-29,21.440000,20.490000
2022-12-30,21.670000,21.140000
2023-01-03,22.900000,25.080000
2023-01-04,22.010000,23.920000
2023-01-05,22.460000,24.540000
2023-01-06,21.130000,21.570000
2023-01-09,21.970000,23.040000
2023-01-10,20.580000,21.500000
2023-01-11,21.090000,22.410000
2023-01-12,18.830000,16.460000
2023-01-13,18.350000,14.820000
2023-01-17,19.360000,16.610000
2023-01-18,20.340000,17.240000
2023-01-19,20.520000,18.280000
2023-01-20,19.850000,18.260000
2023-01-23,19.810000,21.250000
2023-01-24,19.200000,21.840000
2023-01-25,19.080000,22.010000
2023-01-26,18.730000,21.050000
2023-01-27,18.510000,20.030000
2023-01-30,19.940000,22.420000
2023-01-31,19.400000,21.740000
2023-02-01,17.870000,18.560000
2023-02-02,18.730000,19.130000
2023-02-03,18.330000,17.760000
2023-02-06,19.430000,20.670000
2023-02-07,18.660000,19.620000
2023-02-08,19.630000,21.000000
2023-02-09,20.710000,22.740000
2023-02-10,20.530000,21.500000
2023-02-13,20.340000,21.410000
2023-02-14,18.910000,17.720000
2023-02-15,18.230000,16.020000
2023-02-16,20.170000,19.330000
2023-02-17,20.020000,16.940000
2023-02-21,22.870000,21.140000
2023-02-22,22.290000,19.200000
2023-02-23,21.140000,18.110000
2023-02-24,21.670000,18.380000
2023-02-27,20.950000,19.370000
2023-02-28,20.700000,19.590000
2023-03-01,20.580000,19.590000
2023-03-02,19.590000,18.710000
2023-03-03,18.490000,17.760000
2023-03-06,18.610000,19.600000
2023-03-07,19.590000,20.960000
2023-03-08,19.110000,20.570000
2023-03-09,22.610000,25.460000
2023-03-10,24.800000,26.860000
2023-03-13,26.520000,30.930000
2023-03-14,23.730000,25.970000
2023-03-15,26.140000,29.310000
2023-03-16,22.990000,24.610000
2023-03-17,25.510000,27.010000
2023-03-20,24.150000,25.900000
2023-03-21,21.380000,22.840000
2023-03-22,22.260000,23.750000
2023-03-23,22.610000,23.110000
2023-03-24,21.740000,20.620000
2023-03-27,20.600000,19.310000
2023-03-28,19.970000,18.330000
2023-03-29,19.120000,17.170000
2023-03-30,19.020000,17.300000
2023-03-31,18.700000,16.510000
2023-04-03,18.550000,17.030000
2023-04-04,19.000000,17.420000
2023-04-05,19.080000,16.990000
2023-04-06,18.400000,15.680000
2023-04-10,18.970000,16.800000
2023-04-11,19.100000,16.860000
2023-04-12,19.090000,15.900000
2023-04-13,17.800000,14.650000
2023-04-14,17.070000,13.350000
2023-04-17,16.950000,14.510000
2023-04-18,16.830000,14.710000
2023-04-19,16.460000,14.300000
2023-04-20,17.170000,15.130000
2023-04-21,16.770000,14.880000
2023-04-24,16.890000,16.650000
2023-04-25,18.760000,19.080000
2023-04-26,18.840000,19.280000
2023-04-27,17.030000,17.220000
2023-04-28,15.780000,15.530000
2023-05-01,16.080000,16.070000
2023-05-02,17.780000,18.610000
2023-05-03,18.340000,18.490000
2023-05-04,20.090000,19.880000
2023-05-05,17.190000,15.340000
2023-05-08,16.980000,15.240000
2023-05-09,17.710000,16.400000
2023-05-10,16.940000,14.590000
2023-05-11,16.930000,14.490000
2023-05-12,17.030000,14.090000
2023-05-15,17.120000,14.640000
2023-05-16,17.990000,15.990000
2023-05-17,16.870000,14.670000
2023-05-18,16.050000,14.060000
2023-05-19,16.810000,14.250000
2023-05-22,17.210000,15.520000
2023-05-23,18.530000,17.370000
2023-05-24,20.030000,19.770000
2023-05-25,19.140000,18.460000
2023-05-26,17.950000,17.240000
2023-05-30,17.460000,16.510000
2023-05-31,17.940000,16.850000
2023-06-01,15.650000,13.980000
2023-06-02,14.600000,12.740000
2023-06-05,14.730000,14.140000
2023-06-06,13.960000,13.830000
2023-06-07,13.940000,13.860000
2023-06-08,13.650000,13.590000
2023-06-09,13.830000,13.290000
2023-06-12,15.010000,15.350000
2023-06-13,14.610000,14.400000
2023-06-14,13.880000,12.710000
2023-06-15,14.500000,13.580000
2023-06-16,13.540000,11.330000
2023-06-20,13.880000,12.920000
2023-06-21,13.200000,12.030000
2023-06-22,12.910000,11.150000
2023-06-23,13.440000,11.610000
2023-06-26,14.250000,12.680000
2023-06-27,13.740000,12.050000
2023-06-28,13.430000,11.740000
2023-06-29,13.540000,11.750000
2023-06-30,13.590000,11.530000
2023-07-03,13.570000,12.000000
2023-07-05,14.180000,12.570000
2023-07-06,15.440000,13.960000
2023-07-07,14.830000,12.600000
2023-07-10,15.070000,13.500000
2023-07-11,14.840000,13.700000
2023-07-12,13.540000,11.380000
2023-07-13,13.610000,12.130000
2023-07-14,13.340000,11.900000
2023-07-17,13.480000,13.090000
2023-07-18,13.300000,13.150000
2023-07-19,13.760000,13.360000
2023-07-20,13.990000,13.570000
2023-07-21,13.600000,12.500000
2023-07-24,13.910000,13.410000
2023-07-25,13.860000,13.490000
2023-07-26,13.190000,11.740000
2023-07-27,14.410000,13.470000
2023-07-28,13.330000,11.230000
2023-07-31,13.630000,12.620000
2023-08-01,13.930000,13.010000
2023-08-02,16.090000,15.400000
2023-08-03,15.920000,15.060000
2023-08-04,17.100000,16.090000
2023-08-07,15.770000,14.680000
2023-08-08,15.990000,14.810000
2023-08-09,15.960000,15.330000
2023-08-10,15.850000,15.380000
2023-08-11,14.840000,13.630000
2023-08-14,14.820000,14.570000
2023-08-15,16.460000,16.560000
2023-08-16,16.780000,16.360000
2023-08-17,17.890000,17.470000
2023-08-18,17.300000,16.540000
2023-08-21,17.130000,16.820000
2023-08-22,16.970000,16.390000
2023-08-23,15.980000,15.340000
2023-08-24,17.200000,16.100000
2023-08-25,15.680000,13.780000
2023-08-28,15.080000,13.530000
2023-08-29,14.450000,13.300000
2023-08-30,13.880000,12.420000
2023-08-31,13.570000,11.790000
2023-09-01,13.090000,10.450000
2023-09-05,14.010000,12.890000
2023-09-06,14.450000,13.100000
2023-09-07,14.400000,13.100000
2023-09-08,13.840000,12.380000
2023-09-11,13.800000,13.270000
2023-09-12,14.230000,14.050000
2023-09-13,13.480000,12.470000
2023-09-14,12.820000,11.800000
2023-09-15,13.790000,12.510000
2023-09-18,14.000000,13.620000
2023-09-19,14.110000,14.230000
2023-09-20,15.140000,15.270000
2023-09-21,17.540000,18.880000
2023-09-22,17.200000,17.510000
2023-09-25,16.900000,17.560000
2023-09-26,18.940000,19.850000
2023-09-27,18.220000,18.920000
2023-09-28,17.340000,17.630000
2023-09-29,17.520000,17.200000
2023-10-02,17.610000,17.610000
2023-10-03,19.780000,19.900000
2023-10-04,18.580000,18.300000
2023-10-05,18.490000,18.360000
2023-10-06,17.450000,16.290000
2023-10-09,17.700000,17.880000
2023-10-10,17.030000,17.110000
2023-10-11,16.090000,15.170000
2023-10-12,16.690000,15.870000
2023-10-13,19.320000,18.760000
2023-10-16,17.210000,17.190000
2023-10-17,17.880000,17.710000
2023-10-18,19.220000,18.900000
2023-10-19,21.400000,21.460000
2023-10-20,21.710000,20.760000
2023-10-23,20.370000,20.690000
2023-10-24,18.970000,19.310000
2023-10-25,20.190000,20.490000
2023-10-26,20.680000,20.800000
2023-10-27,21.270000,21.360000
2023-10-30,19.750000,20.650000
2023-10-31,18.140000,19.020000
2023-11-01,16.870000,16.870000
2023-11-02,15.660000,15.160000
2023-11-03,14.910000,13.710000
2023-11-06,14.890000,14.530000
2023-11-07,14.810000,14.430000
2023-11-08,14.450000,13.830000
2023-11-09,15.290000,14.700000
2023-11-10,14.170000,12.780000
2023-11-13,14.760000,13.800000
2023-11-14,14.160000,12.870000
2023-11-15,14.180000,11.890000
2023-11-16,14.320000,11.810000
2023-11-17,13.800000,10.670000
2023-11-20,13.410000,11.140000
2023-11-21,13.350000,11.470000
2023-11-22,12.850000,9.960000
2023-11-24,12.460000,9.830000
2023-11-27,12.690000,11.270000
2023-11-28,12.690000,11.520000
2023-11-29,12.980000,12.050000
2023-11-30,12.920000,12.300000
2023-12-01,12.630000,11.980000
2023-12-04,13.080000,13.460000
2023-12-05,12.850000,13.530000
2023-12-06,12.970000,13.670000
2023-12-07,13.060000,13.730000
2023-12-08,12.350000,12.210000
2023-12-11,12.630000,12.680000
2023-12-12,12.070000,11.640000
2023-12-13,12.190000,12.430000
2023-12-14,12.480000,12.290000
2023-12-15,12.280000,10.870000
2023-12-18,12.560000,11.440000
2023-12-19,12.530000,11.250000
2023-12-20,13.670000,13.670000
2023-12-21,13.650000,13.110000
2023-12-22,13.030000,11.560000
2023-12-26,12.990000,12.450000
2023-12-27,12.430000,11.230000
2023-12-28,12.470000,11.230000
2023-12-29,12.450000,10.670000
