as_of_date,kappa,theta,xi,rho,v0,mu,model,window_start,window_end,n_observations,calibration_loss,optimizer_success
2014-01-06,2.0,0.0009072975779861414,0.3,-0.5,0.0009072975779861414,-0.38588042523225624,heston,2014-01-02,2014-01-06,2,0.0,False
2014-01-13,2.0,0.009544526897851407,0.3,-0.5,0.009544526897851407,-0.2391090329436186,heston,2014-01-02,2014-01-13,7,0.0,False
2014-01-21,2.0,0.009290142111313342,0.3,-0.5,0.009290142111313342,0.14880254262636525,heston,2014-01-02,2014-01-21,12,0.0,False
2014-01-27,2.0,0.015468297217075747,0.3,-0.5,0.015468297217075747,-0.4208102836245324,heston,2014-01-02,2014-01-27,16,0.0,False
2014-02-03,2.0,0.020724923140608947,0.3,-0.5,0.020724923140608947,-0.577842318983622,heston,2014-01-02,2014-02-03,21,0.0,False
2014-02-10,2.0,0.02142970473177173,0.3,-0.5,0.02142970473177173,-0.1447157806950658,heston,2014-01-02,2014-02-10,26,0.0,False
2014-02-18,2.0,0.01941354431218286,0.3,-0.5,0.01941354431218286,0.06815741390089879,heston,2014-01-02,2014-02-18,31,0.0,False
2014-02-24,2.0,0.0179373329692357,0.3,-0.5,0.0179373329692357,0.0868749807737098,heston,2014-01-02,2014-02-24,35,0.0,False
2014-03-03,2.0,0.016179988877783,0.3,-0.5,0.016179988877783,0.07864251215732859,heston,2014-01-02,2014-03-03,40,0.0,False
2014-03-10,2.0,0.015410882185585473,0.3,-0.5,0.015410882185585473,0.16587053024707632,heston,2014-01-02,2014-03-10,45,0.0,False
2014-03-17,2.0,0.015132525682296474,0.3,-0.5,0.015132525682296474,0.1006570609464609,heston,2014-01-02,2014-03-17,50,0.0,False
2014-03-24,2.0,0.014673696755095281,0.3,-0.5,0.014673696755095281,0.06978040282224149,heston,2014-01-02,2014-03-24,55,0.0,False
2014-03-31,2.0,0.014134875075975883,0.3,-0.5,0.014134875075975883,0.0999428463352408,heston,2014-01-02,2014-03-31,60,0.0,False
2014-04-07,2.0,0.014325056302269072,0.3,-0.5,0.014325056302269072,0.03714269589678576,heston,2014-01-02,2014-04-07,65,0.0,False
2014-04-14,2.0,0.015942316547499263,0.3,-0.5,0.015942316547499263,0.008366719309637569,heston,2014-01-02,2014-04-14,70,0.0,False
2014-04-21,2.0,0.015630170002383204,0.3,-0.5,0.015630170002383204,0.08366571920854193,heston,2014-01-02,2014-04-21,74,0.0,False
2014-04-28,2.0,0.014979345787057792,0.3,-0.5,0.014979345787057792,0.07572439984902801,heston,2014-01-02,2014-04-28,79,0.0,False
2014-05-05,2.0,0.014186844862803132,0.3,-0.5,0.014186844862803132,0.09596726692340365,heston,2014-01-02,2014-05-05,84,0.0,False
2014-05-12,2.0,0.013961983460832808,0.3,-0.5,0.013961983460832808,0.11130036626425567,heston,2014-01-02,2014-05-12,89,0.0,False
2014-05-19,2.0,0.01356738371865922,0.3,-0.5,0.01356738371865922,0.09075198937464753,heston,2014-01-02,2014-05-19,94,0.0,False
2014-05-27,2.0,0.013283907704105915,0.3,-0.5,0.013283907704105915,0.12358864517520388,heston,2014-01-02,2014-05-27,99,0.0,False
2014-06-02,2.0,0.012824591742516314,0.3,-0.5,0.012824591742516314,0.13631976534933285,heston,2014-01-02,2014-06-02,103,0.0,False
2014-06-09,2.0,0.012357470814584758,0.3,-0.5,0.012357470814584758,0.16232681162726667,heston,2014-01-02,2014-06-09,108,0.0,False
2014-06-16,2.0,0.01198995756265286,0.3,-0.5,0.01198995756265286,0.1404759818363906,heston,2014-01-02,2014-06-16,113,0.0,False
2014-06-23,2.0,0.01161166825712701,0.3,-0.5,0.01161166825712701,0.15199429740953138,heston,2014-01-02,2014-06-23,118,0.0,False
2014-06-30,2.0,0.011267793339243172,0.3,-0.5,0.011267793339243172,0.14420555718205438,heston,2014-01-02,2014-06-30,123,0.0,False
2014-07-07,2.0,0.01105525311316443,0.3,-0.5,0.01105525311316443,0.1577997519864229,heston,2014-01-02,2014-07-07,127,0.0,False
2014-07-14,2.0,0.010836615524642296,0.3,-0.5,0.010836615524642296,0.15279227294433784,heston,2014-01-02,2014-07-14,132,0.0,False
2014-07-21,2.0,0.010915935672875935,0.3,-0.5,0.010915935672875935,0.14503144317271413,heston,2014-01-02,2014-07-21,137,0.0,False
2014-07-28,2.0,0.010609211842109027,0.3,-0.5,0.010609211842109027,0.1440954167695542,heston,2014-01-02,2014-07-28,142,0.0,False
2014-08-04,2.0,0.01110463761506364,0.3,-0.5,0.01110463761506364,0.10539590021277592,heston,2014-01-02,2014-08-04,147,0.0,False
2014-08-11,2.0,0.011181150740212399,0.3,-0.5,0.011181150740212399,0.1013373131081208,heston,2014-01-02,2014-08-11,152,0.0,False
2014-08-18,2.0,0.011023761172028823,0.3,-0.5,0.011023761172028823,0.12746796023362084,heston,2014-01-02,2014-08-18,157,0.0,False
2014-08-25,2.0,0.010770878997983431,0.3,-0.5,0.010770878997983431,0.14580227875207172,heston,2014-01-02,2014-08-25,162,0.0,False
2014-09-02,2.0,0.010459341054384954,0.3,-0.5,0.010459341054384954,0.1445295755447006,heston,2014-01-02,2014-09-02,167,0.0,False
2014-09-08,2.0,0.010258467272732129,0.3,-0.5,0.010258467272732129,0.14102373370526353,heston,2014-01-02,2014-09-08,171,0.0,False
2014-09-15,2.0,0.010109556540871489,0.3,-0.5,0.010109556540871489,0.12555723216441764,heston,2014-01-02,2014-09-15,176,0.0,False
2014-09-22,2.0,0.0100776444452741,0.3,-0.5,0.0100776444452741,0.12339446604100883,heston,2014-01-02,2014-09-22,181,0.0,False
2014-09-29,2.0,0.010394356040381534,0.3,-0.5,0.010394356040381534,0.10937370256810511,heston,2014-01-02,2014-09-29,186,0.0,False
2014-10-06,2.0,0.010545420350378098,0.3,-0.5,0.010545420350378098,0.0983468107379933,heston,2014-01-02,2014-10-06,191,0.0,False
2014-10-13,2.0,0.012049539505919388,0.3,-0.5,0.012049539505919388,0.03720243834541939,heston,2014-01-02,2014-10-13,196,0.0,False
2014-10-20,2.0,0.012095652991080869,0.3,-0.5,0.012095652991080869,0.05563650624224173,heston,2014-01-02,2014-10-20,201,0.0,False
2014-10-27,2.0,0.01255549707273283,0.3,-0.5,0.01255549707273283,0.09176416599954178,heston,2014-01-02,2014-10-27,206,0.0,False
2014-11-03,2.0,0.012593635056620317,0.3,-0.5,0.012593635056620317,0.12343446246317562,heston,2014-01-02,2014-11-03,211,0.0,False
2014-11-10,2.0,0.0123816875870245,0.3,-0.5,0.0123816875870245,0.13332606999811605,heston,2014-01-02,2014-11-10,216,0.0,False
2014-11-17,2.0,0.012103838414588177,0.3,-0.5,0.012103838414588177,0.1324888458503204,heston,2014-01-02,2014-11-17,221,0.0,False
2014-11-24,2.0,0.011903978910986435,0.3,-0.5,0.011903978910986435,0.14524905375410685,heston,2014-01-02,2014-11-24,226,0.0,False
2014-12-01,2.0,0.011772040537674227,0.3,-0.5,0.011772040537674227,0.13480214483131023,heston,2014-01-02,2014-12-01,230,0.0,False
2014-12-08,2.0,0.011630557677711149,0.3,-0.5,0.011630557677711149,0.13640924895623976,heston,2014-01-02,2014-12-08,235,0.0,False
2014-12-15,2.0,0.012053510994134832,0.3,-0.5,0.012053510994134832,0.09718299017403892,heston,2014-01-02,2014-12-15,240,0.0,False
2014-12-22,2.0,0.012868030166013601,0.3,-0.5,0.012868030166013601,0.13597009154434914,heston,2014-01-02,2014-12-22,245,0.0,False
2014-12-29,2.0,0.01266943788497716,0.3,-0.5,0.01266943788497716,0.1398691566683197,heston,2014-01-02,2014-12-29,249,0.0,False
2015-01-05,2.0,0.01296125096599457,0.3,-0.5,0.01296125096599457,0.10392563734665346,heston,2014-01-02,2015-01-05,253,0.0,False
2015-01-12,2.0,0.013371998482558291,0.3,-0.5,0.013371998482558291,0.10673532668191796,heston,2014-01-02,2015-01-12,258,0.0,False
2015-01-20,2.0,0.013411644543264049,0.3,-0.5,0.013411644543264049,0.10203563889576028,heston,2014-01-02,2015-01-20,263,0.0,False
2015-01-26,2.0,0.01346225907079317,0.3,-0.5,0.01346225907079317,0.1163594318873453,heston,2014-01-02,2015-01-26,267,0.0,False
2015-02-02,2.0,0.01391489045189546,0.3,-0.5,0.01391489045189546,0.09851375221813306,heston,2014-01-02,2015-02-02,272,0.0,False
2015-02-09,2.0,0.013973127245178293,0.3,-0.5,0.013973127245178293,0.10901888141793464,heston,2014-01-02,2015-02-09,277,0.0,False
2015-02-17,2.0,0.013904650468284286,0.3,-0.5,0.013904650468284286,0.13079183121427748,heston,2014-01-02,2015-02-17,282,0.0,False
2015-02-23,2.0,0.0137378594687912,0.3,-0.5,0.0137378594687912,0.1335731778959743,heston,2014-01-02,2015-02-23,286,0.0,False
2015-03-02,2.0,0.013552263019929952,0.3,-0.5,0.013552263019929952,0.13449960796870478,heston,2014-01-02,2015-03-02,291,0.0,False
2015-03-09,2.0,0.013554189616590814,0.3,-0.5,0.013554189616590814,0.11763875166626334,heston,2014-01-02,2015-03-09,296,0.0,False
2015-03-16,2.0,0.013871885590702362,0.3,-0.5,0.013871885590702362,0.1168395574119944,heston,2014-01-02,2015-03-16,301,0.0,False
2015-03-23,2.0,0.013801557889352917,0.3,-0.5,0.013801557889352917,0.12059612288506466,heston,2014-01-02,2015-03-23,306,0.0,False
2015-03-30,2.0,0.013916987022272771,0.3,-0.5,0.013916987022272771,0.11204523411817403,heston,2014-01-02,2015-03-30,311,0.0,False
2015-04-06,2.0,0.013860097093776063,0.3,-0.5,0.013860097093776063,0.10906727977979011,heston,2014-01-02,2015-04-06,315,0.0,False
2015-04-13,2.0,0.013709180570652608,0.3,-0.5,0.013709180570652608,0.11215584774894012,heston,2014-01-02,2015-04-13,320,0.0,False
2015-04-20,2.0,0.013682890893036176,0.3,-0.5,0.013682890893036176,0.1133359406139513,heston,2014-01-02,2015-04-20,325,0.0,False
2015-04-27,2.0,0.01351452349386746,0.3,-0.5,0.01351452349386746,0.1149787325811566,heston,2014-01-02,2015-04-27,330,0.0,False
2015-05-04,2.0,0.013501994555195298,0.3,-0.5,0.013501994555195298,0.1153176173479788,heston,2014-01-02,2015-05-04,335,0.0,False
2015-05-11,2.0,0.013573061195762707,0.3,-0.5,0.013573061195762707,0.11124456431637263,heston,2014-01-02,2015-05-11,340,0.0,False
2015-05-18,2.0,0.013462292422228574,0.3,-0.5,0.013462292422228574,0.11827777044099452,heston,2014-01-02,2015-05-18,345,0.0,False
2015-05-26,2.0,0.01337204128852028,0.3,-0.5,0.01337204128852028,0.10848424449886802,heston,2014-01-02,2015-05-26,350,0.0,False
2015-06-01,2.0,0.013313902950547614,0.3,-0.5,0.013313902950547614,0.11023821582486083,heston,2014-01-02,2015-06-01,354,0.0,False
2015-06-08,2.0,0.013221672752707843,0.3,-0.5,0.013221672752707843,0.09842181708901002,heston,2014-01-02,2015-06-08,359,0.0,False
2015-06-15,2.0,0.013198160115273718,0.3,-0.5,0.013198160115273718,0.09923783194838215,heston,2014-01-02,2015-06-15,364,0.0,False
2015-06-22,2.0,0.013184862001814473,0.3,-0.5,0.013184862001814473,0.10699522252223424,heston,2014-01-02,2015-06-22,369,0.0,False
2015-06-29,2.0,0.013369361817224876,0.3,-0.5,0.013369361817224876,0.08485034071301539,heston,2014-01-02,2015-06-29,374,0.0,False
2015-07-06,2.0,0.013276625486656432,0.3,-0.5,0.013276625486656432,0.08818252727958341,heston,2014-01-02,2015-07-06,378,0.0,False
2015-07-13,2.0,0.013496351417568105,0.3,-0.5,0.013496351417568105,0.09686468743842566,heston,2014-01-02,2015-07-13,383,0.0,False
2015-07-20,2.0,0.013370462137331942,0.3,-0.5,0.013370462137331942,0.10431349238161769,heston,2014-01-02,2015-07-20,388,0.0,False
2015-07-27,2.0,0.013337154901434303,0.3,-0.5,0.013337154901434303,0.08531751248253819,heston,2014-01-02,2015-07-27,393,0.0,False
2015-08-03,2.0,0.013296703282574537,0.3,-0.5,0.013296703282574537,0.09342887717318595,heston,2014-01-02,2015-08-03,398,0.0,False
2015-08-10,2.0,0.013282224096228552,0.3,-0.5,0.013282224096228552,0.09466555035180539,heston,2014-01-02,2015-08-10,403,0.0,False
2015-08-17,2.0,0.01319950393639138,0.3,-0.5,0.01319950393639138,0.09360412092226901,heston,2014-01-02,2015-08-17,408,0.0,False
2015-08-24,2.0,0.015058920042947753,0.3,-0.5,0.015058920042947753,0.029253899923331873,heston,2014-01-02,2015-08-24,413,0.0,False
2015-08-31,2.0,0.01621835196812923,0.3,-0.5,0.01621835196812923,0.0548618526601506,heston,2014-01-02,2015-08-31,418,0.0,False
2015-09-08,2.0,0.017293122838595038,0.3,-0.5,0.017293122838595038,0.054122846221338554,heston,2014-01-02,2015-09-08,423,0.0,False
2015-09-14,2.0,0.017277239010543892,0.3,-0.5,0.017277239010543892,0.04942885005779403,heston,2014-01-02,2015-09-14,427,0.0,False
2015-09-21,2.0,0.017503055783708775,0.3,-0.5,0.017503055783708775,0.050407331741695,heston,2014-01-02,2015-09-21,432,0.0,False
2015-09-28,2.0,0.017789320248053676,0.3,-0.5,0.017789320248053676,0.02472179064333943,heston,2014-01-02,2015-09-28,437,0.0,False
2015-10-05,2.0,0.01808277258362674,0.3,-0.5,0.01808277258362674,0.055558223885494286,heston,2014-01-02,2015-10-05,442,0.0,False
2015-10-12,2.0,0.017967287527405756,0.3,-0.5,0.017967287527405756,0.06357785579979727,heston,2014-01-02,2015-10-12,447,0.0,False
2015-10-19,2.0,0.01794254017455961,0.3,-0.5,0.01794254017455961,0.06805639507162647,heston,2014-01-02,2015-10-19,452,0.0,False
2015-10-26,2.0,0.01798694164297863,0.3,-0.5,0.01798694164297863,0.07718781088238576,heston,2014-01-02,2015-10-26,457,0.0,False
2015-11-02,2.0,0.017944956605051795,0.3,-0.5,0.017944956605051795,0.08528923417183917,heston,2014-01-02,2015-11-02,462,0.0,False
2015-11-09,2.0,0.01781383915469578,0.3,-0.5,0.01781383915469578,0.07844905669155879,heston,2014-01-02,2015-11-09,467,0.0,False
2015-11-16,2.0,0.017935219976925803,0.3,-0.5,0.017935219976925803,0.0714235176025074,heston,2014-01-02,2015-11-16,472,0.0,False
2015-11-23,2.0,0.01788194080599956,0.3,-0.5,0.01788194080599956,0.07953278755777587,heston,2014-01-02,2015-11-23,477,0.0,False
2015-11-30,2.0,0.01774434194853797,0.3,-0.5,0.01774434194853797,0.07792383753596357,heston,2014-01-02,2015-11-30,481,0.0,False
2015-12-07,2.0,0.01797986837039529,0.3,-0.5,0.01797986837039529,0.0764857277815132,heston,2014-01-02,2015-12-07,486,0.0,False
2015-12-14,2.0,0.01807130942557944,0.3,-0.5,0.01807130942557944,0.062242190960257585,heston,2014-01-02,2015-12-14,491,0.0,False
2015-12-21,2.0,0.01849831819918864,0.3,-0.5,0.01849831819918864,0.05882802490442857,heston,2014-01-02,2015-12-21,496,0.0,False
2015-12-28,2.0,0.018468099555435144,0.3,-0.5,0.018468099555435144,0.06718646269417833,heston,2014-01-02,2015-12-28,500,0.0,False
2016-01-04,2.0,0.018594322723116393,0.3,-0.5,0.018594322723116393,0.05666258331333894,heston,2014-01-03,2016-01-04,503,0.0,False
2016-01-11,2.0,0.019014357388282433,0.3,-0.5,0.019014357388282433,0.030735191156813516,heston,2014-01-10,2016-01-11,503,0.0,False
2016-01-19,2.0,0.01955467652252578,0.3,-0.5,0.01955467652252578,0.02170649172765131,heston,2014-01-17,2016-01-19,503,0.0,False
2016-01-25,2.0,0.019703543288127835,0.3,-0.5,0.019703543288127835,0.033776311798333104,heston,2014-01-24,2016-01-25,503,0.0,False
2016-02-01,2.0,0.020006297600481178,0.3,-0.5,0.020006297600481178,0.05171497569567285,heston,2014-01-31,2016-02-01,503,0.0,False
2016-02-08,2.0,0.020027879071718397,0.3,-0.5,0.020027879071718397,0.025768213610518023,heston,2014-02-07,2016-02-08,503,0.0,False
2016-02-16,2.0,0.02037423838133639,0.3,-0.5,0.02037423838133639,0.02562828602214393,heston,2014-02-14,2016-02-16,503,0.0,False
2016-02-22,2.0,0.020575066921547244,0.3,-0.5,0.020575066921547244,0.03911120517575056,heston,2014-02-21,2016-02-22,503,0.0,False
2016-02-29,2.0,0.020742596458779065,0.3,-0.5,0.020742596458779065,0.0295508241560738,heston,2014-02-28,2016-02-29,503,0.0,False
2016-03-07,2.0,0.020908490824752435,0.3,-0.5,0.020908490824752435,0.0422368249448177,heston,2014-03-07,2016-03-07,503,0.0,False
2016-03-14,2.0,0.021026191876481207,0.3,-0.5,0.021026191876481207,0.056716564588205606,heston,2014-03-14,2016-03-14,503,0.0,False
2016-03-21,2.0,0.020933935249446603,0.3,-0.5,0.020933935249446603,0.05784976167918559,heston,2014-03-21,2016-03-21,503,0.0,False
2016-03-28,2.0,0.020907793508930458,0.3,-0.5,0.020907793508930458,0.05870191339025313,heston,2014-03-27,2016-03-28,503,0.0,False
2016-04-04,2.0,0.020918685999301235,0.3,-0.5,0.020918685999301235,0.055198912415164544,heston,2014-04-03,2016-04-04,503,0.0,False
2016-04-11,2.0,0.02067833300719657,0.3,-0.5,0.02067833300719657,0.0643892735408623,heston,2014-04-10,2016-04-11,503,0.0,False
2016-04-18,2.0,0.02064498033503649,0.3,-0.5,0.02064498033503649,0.06825585852227994,heston,2014-04-17,2016-04-18,503,0.0,False
2016-04-25,2.0,0.02061183783924256,0.3,-0.5,0.02061183783924256,0.06699934625591063,heston,2014-04-25,2016-04-25,503,0.0,False
2016-05-02,2.0,0.02068203660161718,0.3,-0.5,0.02068203660161718,0.060757439723445564,heston,2014-05-02,2016-05-02,503,0.0,False
2016-05-09,2.0,0.02068572794277517,0.3,-0.5,0.02068572794277517,0.055987922451873076,heston,2014-05-09,2016-05-09,503,0.0,False
2016-05-16,2.0,0.020789257005848077,0.3,-0.5,0.020789257005848077,0.05796278037774473,heston,2014-05-16,2016-05-16,503,0.0,False
2016-05-23,2.0,0.02079051074273799,0.3,-0.5,0.02079051074273799,0.04805465751946058,heston,2014-05-23,2016-05-23,503,0.0,False
2016-05-31,2.0,0.020871973792737423,0.3,-0.5,0.020871973792737423,0.052619352123976906,heston,2014-06-02,2016-05-31,503,0.0,False
2016-06-06,2.0,0.020862356166784394,0.3,-0.5,0.020862356166784394,0.049806673201348,heston,2014-06-06,2016-06-06,503,0.0,False
2016-06-13,2.0,0.02090994192233743,0.3,-0.5,0.02090994192233743,0.046109378198347664,heston,2014-06-13,2016-06-13,503,0.0,False
2016-06-20,2.0,0.020944176996576927,0.3,-0.5,0.020944176996576927,0.04003483262771556,heston,2014-06-20,2016-06-20,503,0.0,False
2016-06-27,2.0,0.021851596328051545,0.3,-0.5,0.021851596328051545,0.02050455060092948,heston,2014-06-27,2016-06-27,503,0.0,False
2016-07-05,2.0,0.022231758397856283,0.3,-0.5,0.022231758397856283,0.03802831559124951,heston,2014-07-07,2016-07-05,503,0.0,False
2016-07-11,2.0,0.022322489823760186,0.3,-0.5,0.022322489823760186,0.05221583630861927,heston,2014-07-11,2016-07-11,503,0.0,False
2016-07-18,2.0,0.02222865485454267,0.3,-0.5,0.02222865485454267,0.0563892862630542,heston,2014-07-18,2016-07-18,503,0.0,False
2016-07-25,2.0,0.02223382897279016,0.3,-0.5,0.02223382897279016,0.05692343030405765,heston,2014-07-25,2016-07-25,503,0.0,False
2016-08-01,2.0,0.022017092459626006,0.3,-0.5,0.022017092459626006,0.0708896899650546,heston,2014-08-01,2016-08-01,503,0.0,False
2016-08-08,2.0,0.021920997395535338,0.3,-0.5,0.021920997395535338,0.07147629702748437,heston,2014-08-08,2016-08-08,503,0.0,False
2016-08-15,2.0,0.021902349536760114,0.3,-0.5,0.021902349536760114,0.06746206849712723,heston,2014-08-15,2016-08-15,503,0.0,False
2016-08-22,2.0,0.021867674309621936,0.3,-0.5,0.021867674309621936,0.05735802954508827,heston,2014-08-22,2016-08-22,503,0.0,False
2016-08-29,2.0,0.021881193547829997,0.3,-0.5,0.021881193547829997,0.053168211929675614,heston,2014-08-29,2016-08-29,503,0.0,False
2016-09-06,2.0,0.021885960815137658,0.3,-0.5,0.021885960815137658,0.055005072874472545,heston,2014-09-08,2016-09-06,503,0.0,False
2016-09-12,2.0,0.022240713459439083,0.3,-0.5,0.022240713459439083,0.05264943891809513,heston,2014-09-12,2016-09-12,503,0.0,False
2016-09-19,2.0,0.02237944932579988,0.3,-0.5,0.02237944932579988,0.041952733540721106,heston,2014-09-19,2016-09-19,503,0.0,False
2016-09-26,2.0,0.022266377751523677,0.3,-0.5,0.022266377751523677,0.05087956540111829,heston,2014-09-26,2016-09-26,503,0.0,False
2016-10-03,2.0,0.02220940926006024,0.3,-0.5,0.02220940926006024,0.05794522357900042,heston,2014-10-03,2016-10-03,503,0.0,False
2016-10-10,2.0,0.02170417256229917,0.3,-0.5,0.02170417256229917,0.07405585454989803,heston,2014-10-10,2016-10-10,503,0.0,False
2016-10-17,2.0,0.021567741031436903,0.3,-0.5,0.021567741031436903,0.07062173641370112,heston,2014-10-17,2016-10-17,503,0.0,False
2016-10-24,2.0,0.021245779681613276,0.3,-0.5,0.021245779681613276,0.05562224204392315,heston,2014-10-24,2016-10-24,503,0.0,False
2016-10-31,2.0,0.02111393572726607,0.3,-0.5,0.02111393572726607,0.036906320244571515,heston,2014-10-31,2016-10-31,503,0.0,False
2016-11-07,2.0,0.021374875980341726,0.3,-0.5,0.021374875980341726,0.0342926178465915,heston,2014-11-07,2016-11-07,503,0.0,False
2016-11-14,2.0,0.021439052542352014,0.3,-0.5,0.021439052542352014,0.04013308276039321,heston,2014-11-14,2016-11-14,503,0.0,False
2016-11-21,2.0,0.021480767260870656,0.3,-0.5,0.021480767260870656,0.04237185888542614,heston,2014-11-21,2016-11-21,503,0.0,False
2016-11-28,2.0,0.021491231752953713,0.3,-0.5,0.021491231752953713,0.041868606562106066,heston,2014-11-28,2016-11-28,503,0.0,False
2016-12-05,2.0,0.021466552040330697,0.3,-0.5,0.021466552040330697,0.04110584997193774,heston,2014-12-05,2016-12-05,503,0.0,False
2016-12-12,2.0,0.021267782338777217,0.3,-0.5,0.021267782338777217,0.07019360921612108,heston,2014-12-12,2016-12-12,503,0.0,False
2016-12-19,2.0,0.020826541223176658,0.3,-0.5,0.020826541223176658,0.05452876524318956,heston,2014-12-19,2016-12-19,503,0.0,False
2016-12-27,2.0,0.020827171943685593,0.3,-0.5,0.020827171943685593,0.05086150760198267,heston,2014-12-29,2016-12-27,503,0.0,False
2017-01-03,2.0,0.02066068882734253,0.3,-0.5,0.02066068882734253,0.06558292413698925,heston,2015-01-05,2017-01-03,503,0.0,False
2017-01-09,2.0,0.020382307128268443,0.3,-0.5,0.020382307128268443,0.06190555908448593,heston,2015-01-09,2017-01-09,503,0.0,False
2017-01-17,2.0,0.020214577144390577,0.3,-0.5,0.020214577144390577,0.0678249316703522,heston,2015-01-16,2017-01-17,503,0.0,False
2017-01-23,2.0,0.02009805561661558,0.3,-0.5,0.02009805561661558,0.059314210665901194,heston,2015-01-23,2017-01-23,503,0.0,False
2017-01-30,2.0,0.019871580181130607,0.3,-0.5,0.019871580181130607,0.07597001844052814,heston,2015-01-30,2017-01-30,503,0.0,False
2017-02-06,2.0,0.01966160247620403,0.3,-0.5,0.01966160247620403,0.06380136901085051,heston,2015-02-06,2017-02-06,503,0.0,False
2017-02-13,2.0,0.019582296517517046,0.3,-0.5,0.019582296517517046,0.06189025903054489,heston,2015-02-13,2017-02-13,503,0.0,False
2017-02-21,2.0,0.019601780308791176,0.3,-0.5,0.019601780308791176,0.06644215320252028,heston,2015-02-23,2017-02-21,503,0.0,False
2017-02-27,2.0,0.0195922712009194,0.3,-0.5,0.0195922712009194,0.06905306340515868,heston,2015-02-27,2017-02-27,503,0.0,False
2017-03-06,2.0,0.01957451442119969,0.3,-0.5,0.01957451442119969,0.07788241848077045,heston,2015-03-06,2017-03-06,503,0.0,False
2017-03-13,2.0,0.019340610286749695,0.3,-0.5,0.019340610286749695,0.08203140560437995,heston,2015-03-13,2017-03-13,503,0.0,False
2017-03-20,2.0,0.019228732832563475,0.3,-0.5,0.019228732832563475,0.0687472924222643,heston,2015-03-20,2017-03-20,503,0.0,False
2017-03-27,2.0,0.01918176409801889,0.3,-0.5,0.01918176409801889,0.07325852074128732,heston,2015-03-27,2017-03-27,503,0.0,False
2017-04-03,2.0,0.019070669736164194,0.3,-0.5,0.019070669736164194,0.07179303534551261,heston,2015-04-06,2017-04-03,503,0.0,False
2017-04-10,2.0,0.019037211028875217,0.3,-0.5,0.019037211028875217,0.06876941451964161,heston,2015-04-13,2017-04-10,503,0.0,False
2017-04-17,2.0,0.01902831628006811,0.3,-0.5,0.01902831628006811,0.0698620884047145,heston,2015-04-17,2017-04-17,503,0.0,False
2017-04-24,2.0,0.019074034189679328,0.3,-0.5,0.019074034189679328,0.0665720263397874,heston,2015-04-24,2017-04-24,503,0.0,False
2017-05-01,2.0,0.01896290887900432,0.3,-0.5,0.01896290887900432,0.07190205717120268,heston,2015-05-01,2017-05-01,503,0.0,False
2017-05-08,2.0,0.018799176769651458,0.3,-0.5,0.018799176769651458,0.07173779469127788,heston,2015-05-08,2017-05-08,503,0.0,False
2017-05-15,2.0,0.01874958173165417,0.3,-0.5,0.01874958173165417,0.07111155804561359,heston,2015-05-15,2017-05-15,503,0.0,False
2017-05-22,2.0,0.018942147814347127,0.3,-0.5,0.018942147814347127,0.06828361767266847,heston,2015-05-22,2017-05-22,503,0.0,False
2017-05-30,2.0,0.01882974071561852,0.3,-0.5,0.01882974071561852,0.07570317482012559,heston,2015-06-01,2017-05-30,503,0.0,False
2017-06-05,2.0,0.01882013300901065,0.3,-0.5,0.01882013300901065,0.08511805498541203,heston,2015-06-05,2017-06-05,503,0.0,False
2017-06-12,2.0,0.01870410426451471,0.3,-0.5,0.01870410426451471,0.08319189970615552,heston,2015-06-12,2017-06-12,503,0.0,False
2017-06-19,2.0,0.018641039917110077,0.3,-0.5,0.018641039917110077,0.08392466292501954,heston,2015-06-19,2017-06-19,503,0.0,False
2017-06-26,2.0,0.018620656563632654,0.3,-0.5,0.018620656563632654,0.08345951324088977,heston,2015-06-26,2017-06-26,503,0.0,False
2017-07-03,2.0,0.018468306142918917,0.3,-0.5,0.018468306142918917,0.08861159693175259,heston,2015-07-06,2017-07-03,503,0.0,False
2017-07-10,2.0,0.01829217212190727,0.3,-0.5,0.01829217212190727,0.08701585691281255,heston,2015-07-10,2017-07-10,503,0.0,False
2017-07-17,2.0,0.018233756951830906,0.3,-0.5,0.018233756951830906,0.08154622403158149,heston,2015-07-17,2017-07-17,503,0.0,False
2017-07-24,2.0,0.018160501575205285,0.3,-0.5,0.018160501575205285,0.09481097459193152,heston,2015-07-24,2017-07-24,503,0.0,False
2017-07-31,2.0,0.018052068350262847,0.3,-0.5,0.018052068350262847,0.08866959491538641,heston,2015-07-31,2017-07-31,503,0.0,False
2017-08-07,2.0,0.01800553868648298,0.3,-0.5,0.01800553868648298,0.09698070323097845,heston,2015-08-07,2017-08-07,503,0.0,False
2017-08-14,2.0,0.01803610601404927,0.3,-0.5,0.01803610601404927,0.09077148583116443,heston,2015-08-14,2017-08-14,503,0.0,False
2017-08-21,2.0,0.017371754880653012,0.3,-0.5,0.017371754880653012,0.11201752071996357,heston,2015-08-21,2017-08-21,503,0.0,False
2017-08-28,2.0,0.015478128286714816,0.3,-0.5,0.015478128286714816,0.11033798120017932,heston,2015-08-28,2017-08-28,503,0.0,False
2017-09-05,2.0,0.014728588083050206,0.3,-0.5,0.014728588083050206,0.13011376041800096,heston,2015-09-04,2017-09-05,503,0.0,False
2017-09-11,2.0,0.014370420270444283,0.3,-0.5,0.014370420270444283,0.12562664018987135,heston,2015-09-11,2017-09-11,503,0.0,False
2017-09-18,2.0,0.014021045834265783,0.3,-0.5,0.014021045834265783,0.12977194614686238,heston,2015-09-18,2017-09-18,503,0.0,False
2017-09-25,2.0,0.013915320707358354,0.3,-0.5,0.013915320707358354,0.1348409208764906,heston,2015-09-25,2017-09-25,503,0.0,False
2017-10-02,2.0,0.013328339333722756,0.3,-0.5,0.013328339333722756,0.1357696135874326,heston,2015-10-02,2017-10-02,503,0.0,False
2017-10-09,2.0,0.013127145850836967,0.3,-0.5,0.013127145850836967,0.12289040233111871,heston,2015-10-09,2017-10-09,503,0.0,False
2017-10-16,2.0,0.012977614434500679,0.3,-0.5,0.012977614434500679,0.1206478178432305,heston,2015-10-16,2017-10-16,503,0.0,False
2017-10-23,2.0,0.012786480671530574,0.3,-0.5,0.012786480671530574,0.11181616701419483,heston,2015-10-23,2017-10-23,503,0.0,False
2017-10-30,2.0,0.01276264042872104,0.3,-0.5,0.01276264042872104,0.11204164582288453,heston,2015-10-30,2017-10-30,503,0.0,False
2017-11-06,2.0,0.012693483604999044,0.3,-0.5,0.012693483604999044,0.11102982361903933,heston,2015-11-06,2017-11-06,503,0.0,False
2017-11-13,2.0,0.01246899083097686,0.3,-0.5,0.01246899083097686,0.1281265644949221,heston,2015-11-13,2017-11-13,503,0.0,False
2017-11-20,2.0,0.012295028791009605,0.3,-0.5,0.012295028791009605,0.11150729728766523,heston,2015-11-20,2017-11-20,503,0.0,False
2017-11-27,2.0,0.012314670643534104,0.3,-0.5,0.012314670643534104,0.11465047990679712,heston,2015-11-27,2017-11-27,503,0.0,False
2017-12-04,2.0,0.012006702203115824,0.3,-0.5,0.012006702203115824,0.12182460411180468,heston,2015-12-04,2017-12-04,503,0.0,False
2017-12-11,2.0,0.011746780511691023,0.3,-0.5,0.011746780511691023,0.14464251696284672,heston,2015-12-11,2017-12-11,503,0.0,False
2017-12-18,2.0,0.011194033614347657,0.3,-0.5,0.011194033614347657,0.15254438389704614,heston,2015-12-18,2017-12-18,503,0.0,False
2017-12-26,2.0,0.011065981670316354,0.3,-0.5,0.011065981670316354,0.13775842827345672,heston,2015-12-28,2017-12-26,503,0.0,False
2018-01-02,2.0,0.010853984576511606,0.3,-0.5,0.010853984576511606,0.15094350021448527,heston,2016-01-04,2018-01-02,503,0.0,False
2018-01-08,2.0,0.010425191598061623,0.3,-0.5,0.010425191598061623,0.18343713743681722,heston,2016-01-08,2018-01-08,503,0.0,False
2018-01-16,2.0,0.009745352376465925,0.3,-0.5,0.009745352376465925,0.19949802939340958,heston,2016-01-15,2018-01-16,503,0.0,False
2018-01-22,2.0,0.009523349296514086,0.3,-0.5,0.009523349296514086,0.20245077239862877,heston,2016-01-22,2018-01-22,503,0.0,False
2018-01-29,2.0,0.009048398535678298,0.3,-0.5,0.009048398535678298,0.19738074876820752,heston,2016-01-29,2018-01-29,503,0.0,False
2018-02-05,2.0,0.009923832383987684,0.3,-0.5,0.009923832383987684,0.17505337247121647,heston,2016-02-05,2018-02-05,503,0.0,False
2018-02-12,2.0,0.010685512028218816,0.3,-0.5,0.010685512028218816,0.18163452892468684,heston,2016-02-12,2018-02-12,503,0.0,False
2018-02-20,2.0,0.01050841357286783,0.3,-0.5,0.01050841357286783,0.1714454667837786,heston,2016-02-22,2018-02-20,503,0.0,False
2018-02-26,2.0,0.01053208904136297,0.3,-0.5,0.01053208904136297,0.18251996224146402,heston,2016-02-26,2018-02-26,503,0.0,False
2018-03-05,2.0,0.010556966737755141,0.3,-0.5,0.010556966737755141,0.15860034002399906,heston,2016-03-04,2018-03-05,503,0.0,False
2018-03-12,2.0,0.010513079587457778,0.3,-0.5,0.010513079587457778,0.16430554144480197,heston,2016-03-11,2018-03-12,503,0.0,False
2018-03-19,2.0,0.010627978931194777,0.3,-0.5,0.010627978931194777,0.14571963351388154,heston,2016-03-18,2018-03-19,503,0.0,False
2018-03-26,2.0,0.011536157658672006,0.3,-0.5,0.011536157658672006,0.13891089481953026,heston,2016-03-28,2018-03-26,503,0.0,False
2018-04-02,2.0,0.01195279874277302,0.3,-0.5,0.01195279874277302,0.11547914839400335,heston,2016-04-01,2018-04-02,503,0.0,False
2018-04-09,2.0,0.01218595156933734,0.3,-0.5,0.01218595156933734,0.12831364903444648,heston,2016-04-08,2018-04-09,503,0.0,False
2018-04-16,2.0,0.01229519849592445,0.3,-0.5,0.01229519849592445,0.1324001115896898,heston,2016-04-15,2018-04-16,503,0.0,False
2018-04-23,2.0,0.012363867854204954,0.3,-0.5,0.012363867854204954,0.12814701427855107,heston,2016-04-22,2018-04-23,503,0.0,False
2018-04-30,2.0,0.012477315311485947,0.3,-0.5,0.012477315311485947,0.13068475035306334,heston,2016-04-29,2018-04-30,503,0.0,False
2018-05-07,2.0,0.012494597443689873,0.3,-0.5,0.012494597443689873,0.13672266197518498,heston,2016-05-06,2018-05-07,503,0.0,False
2018-05-14,2.0,0.012414587536292298,0.3,-0.5,0.012414587536292298,0.1502731240889098,heston,2016-05-13,2018-05-14,503,0.0,False
2018-05-21,2.0,0.01236180714455252,0.3,-0.5,0.01236180714455252,0.14917903902303284,heston,2016-05-20,2018-05-21,503,0.0,False
2018-05-29,2.0,0.012345855230447587,0.3,-0.5,0.012345855230447587,0.12968598870471837,heston,2016-05-27,2018-05-29,503,0.0,False
2018-06-04,2.0,0.012488163515202468,0.3,-0.5,0.012488163515202468,0.14049416057157396,heston,2016-06-03,2018-06-04,503,0.0,False
2018-06-11,2.0,0.012454753891255608,0.3,-0.5,0.012454753891255608,0.14760422031162604,heston,2016-06-10,2018-06-11,503,0.0,False
2018-06-18,2.0,0.012399607023443854,0.3,-0.5,0.012399607023443854,0.15250536011546742,heston,2016-06-17,2018-06-18,503,0.0,False
2018-06-25,2.0,0.011725014851952627,0.3,-0.5,0.011725014851952627,0.15028538711571285,heston,2016-06-24,2018-06-25,503,0.0,False
2018-07-02,2.0,0.01124613207797988,0.3,-0.5,0.01124613207797988,0.13515853645275397,heston,2016-07-01,2018-07-02,503,0.0,False
2018-07-09,2.0,0.011202446458494334,0.3,-0.5,0.011202446458494334,0.13967409836304742,heston,2016-07-08,2018-07-09,503,0.0,False
2018-07-16,2.0,0.011233661848324712,0.3,-0.5,0.011233661848324712,0.1348425396933474,heston,2016-07-15,2018-07-16,503,0.0,False
2018-07-23,2.0,0.011225337958861027,0.3,-0.5,0.011225337958861027,0.1331161023502818,heston,2016-07-22,2018-07-23,503,0.0,False
2018-07-30,2.0,0.011307727029892516,0.3,-0.5,0.011307727029892516,0.1329869183191259,heston,2016-07-29,2018-07-30,503,0.0,False
2018-08-06,2.0,0.011286610138480023,0.3,-0.5,0.011286610138480023,0.138860030843543,heston,2016-08-05,2018-08-06,503,0.0,False
2018-08-13,2.0,0.011313595564355062,0.3,-0.5,0.011313595564355062,0.13374027496174726,heston,2016-08-12,2018-08-13,503,0.0,False
2018-08-20,2.0,0.011373866989510649,0.3,-0.5,0.011373866989510649,0.13988732127063572,heston,2016-08-19,2018-08-20,503,0.0,False
2018-08-27,2.0,0.011398447495673151,0.3,-0.5,0.011398447495673151,0.1499299696212804,heston,2016-08-26,2018-08-27,503,0.0,False
2018-09-04,2.0,0.011397806934608524,0.3,-0.5,0.011397806934608524,0.14749758207645303,heston,2016-09-02,2018-09-04,503,0.0,False
2018-09-10,2.0,0.011097310344878823,0.3,-0.5,0.011097310344878823,0.1561984563381275,heston,2016-09-09,2018-09-10,503,0.0,False
2018-09-17,2.0,0.010835366638155155,0.3,-0.5,0.010835366638155155,0.15800780113166663,heston,2016-09-16,2018-09-17,503,0.0,False
2018-09-24,2.0,0.010809802617707174,0.3,-0.5,0.010809802617707174,0.15478122441029415,heston,2016-09-23,2018-09-24,503,0.0,False
2018-10-01,2.0,0.010689505557372461,0.3,-0.5,0.010689505557372461,0.15522332290177815,heston,2016-09-30,2018-10-01,503,0.0,False
2018-10-08,2.0,0.010709083072312551,0.3,-0.5,0.010709083072312551,0.15139992783163395,heston,2016-10-07,2018-10-08,503,0.0,False
2018-10-15,2.0,0.01151031821550681,0.3,-0.5,0.01151031821550681,0.13237213752112464,heston,2016-10-14,2018-10-15,503,0.0,False
2018-10-22,2.0,0.011831574843546607,0.3,-0.5,0.011831574843546607,0.13162766972534382,heston,2016-10-21,2018-10-22,503,0.0,False
2018-10-29,2.0,0.012643559829578136,0.3,-0.5,0.012643559829578136,0.11468100513306455,heston,2016-10-28,2018-10-29,503,0.0,False
2018-11-05,2.0,0.01281553152982201,0.3,-0.5,0.01281553152982201,0.14203713492269263,heston,2016-11-04,2018-11-05,503,0.0,False
2018-11-12,2.0,0.012998742043583181,0.3,-0.5,0.012998742043583181,0.12206591858003181,heston,2016-11-11,2018-11-12,503,0.0,False
2018-11-19,2.0,0.013189391684034006,0.3,-0.5,0.013189391684034006,0.11095027215553255,heston,2016-11-18,2018-11-19,503,0.0,False
2018-11-26,2.0,0.01349208178899819,0.3,-0.5,0.01349208178899819,0.10123686642786967,heston,2016-11-25,2018-11-26,503,0.0,False
2018-12-03,2.0,0.013820798734523744,0.3,-0.5,0.013820798734523744,0.12720634726931074,heston,2016-12-02,2018-12-03,503,0.0,False
2018-12-10,2.0,0.01456721970559691,0.3,-0.5,0.01456721970559691,0.08716579263091778,heston,2016-12-08,2018-12-10,503,0.0,False
2018-12-17,2.0,0.014878704980171163,0.3,-0.5,0.014878704980171163,0.0668380328491574,heston,2016-12-15,2018-12-17,503,0.0,False
2018-12-24,2.0,0.015808454856233115,0.3,-0.5,0.015808454856233115,0.027435572955717462,heston,2016-12-22,2018-12-24,503,0.0,False
2018-12-31,2.0,0.01704755452446094,0.3,-0.5,0.01704755452446094,0.06259783417235171,heston,2016-12-29,2018-12-31,503,0.0,False
2019-01-07,2.0,0.01786101133717379,0.3,-0.5,0.01786101133717379,0.06730926939615385,heston,2017-01-05,2019-01-07,503,0.0,False
2019-01-14,2.0,0.017919126436953346,0.3,-0.5,0.017919126436953346,0.07296350951470483,heston,2017-01-12,2019-01-14,503,0.0,False
2019-01-22,2.0,0.018166045561670164,0.3,-0.5,0.018166045561670164,0.08313875098169261,heston,2017-01-20,2019-01-22,503,0.0,False
2019-01-28,2.0,0.018173770051953263,0.3,-0.5,0.018173770051953263,0.07916472059431426,heston,2017-01-26,2019-01-28,503,0.0,False
2019-02-04,2.0,0.01832885182277748,0.3,-0.5,0.01832885182277748,0.09800001138692513,heston,2017-02-02,2019-02-04,503,0.0,False
2019-02-11,2.0,0.018347569017854167,0.3,-0.5,0.018347569017854167,0.08934836856486339,heston,2017-02-09,2019-02-11,503,0.0,False
2019-02-19,2.0,0.018450375032980845,0.3,-0.5,0.018450375032980845,0.0937369121754909,heston,2017-02-16,2019-02-19,503,0.0,False
2019-02-25,2.0,0.018459756808853974,0.3,-0.5,0.018459756808853974,0.0930859447031416,heston,2017-02-23,2019-02-25,503,0.0,False
2019-03-04,2.0,0.01836788930497441,0.3,-0.5,0.01836788930497441,0.08896221606168893,heston,2017-03-02,2019-03-04,503,0.0,False
2019-03-11,2.0,0.018516342112092923,0.3,-0.5,0.018516342112092923,0.09028561329420456,heston,2017-03-09,2019-03-11,503,0.0,False
2019-03-18,2.0,0.018497036914131505,0.3,-0.5,0.018497036914131505,0.09381187798506861,heston,2017-03-16,2019-03-18,503,0.0,False
2019-03-25,2.0,0.01864592856507056,0.3,-0.5,0.01864592856507056,0.09745073519699912,heston,2017-03-23,2019-03-25,503,0.0,False
2019-04-01,2.0,0.018746234173782912,0.3,-0.5,0.018746234173782912,0.10473100138073255,heston,2017-03-30,2019-04-01,503,0.0,False
2019-04-08,2.0,0.018744783623035756,0.3,-0.5,0.018744783623035756,0.11169725556242219,heston,2017-04-06,2019-04-08,503,0.0,False
2019-04-15,2.0,0.018747486679258896,0.3,-0.5,0.018747486679258896,0.1200153876608718,heston,2017-04-13,2019-04-15,503,0.0,False
2019-04-22,2.0,0.01867955713083135,0.3,-0.5,0.01867955713083135,0.11443843128012143,heston,2017-04-20,2019-04-22,503,0.0,False
2019-04-29,2.0,0.01865249374233345,0.3,-0.5,0.01865249374233345,0.11370784472366102,heston,2017-04-27,2019-04-29,503,0.0,False
2019-05-06,2.0,0.018734381794143988,0.3,-0.5,0.018734381794143988,0.11161968406039498,heston,2017-05-04,2019-05-06,503,0.0,False
2019-05-13,2.0,0.01922429436713037,0.3,-0.5,0.01922429436713037,0.08967303670223736,heston,2017-05-11,2019-05-13,503,0.0,False
2019-05-20,2.0,0.019174437045554327,0.3,-0.5,0.019174437045554327,0.10062232399631685,heston,2017-05-18,2019-05-20,503,0.0,False
2019-05-28,2.0,0.019302611308518,0.3,-0.5,0.019302611308518,0.08348764406914896,heston,2017-05-25,2019-05-28,503,0.0,False
2019-06-03,2.0,0.019399975731561575,0.3,-0.5,0.019399975731561575,0.07015213712476184,heston,2017-06-01,2019-06-03,503,0.0,False
2019-06-10,2.0,0.019723065683996375,0.3,-0.5,0.019723065683996375,0.0950589239186748,heston,2017-06-08,2019-06-10,503,0.0,False
2019-06-17,2.0,0.019717581113542073,0.3,-0.5,0.019717581113542073,0.09576974293537985,heston,2017-06-15,2019-06-17,503,0.0,False
2019-06-24,2.0,0.019765587813668873,0.3,-0.5,0.019765587813668873,0.10504748122104395,heston,2017-06-22,2019-06-24,503,0.0,False
2019-07-01,2.0,0.019757514200734693,0.3,-0.5,0.019757514200734693,0.11156150025810754,heston,2017-06-29,2019-07-01,503,0.0,False
2019-07-08,2.0,0.01975742755587104,0.3,-0.5,0.01975742755587104,0.11518662119979818,heston,2017-07-06,2019-07-08,503,0.0,False
2019-07-15,2.0,0.019732223433637976,0.3,-0.5,0.019732223433637976,0.1137679150109012,heston,2017-07-13,2019-07-15,503,0.0,False
2019-07-22,2.0,0.019767668108702376,0.3,-0.5,0.019767668108702376,0.10355205706551887,heston,2017-07-20,2019-07-22,503,0.0,False
2019-07-29,2.0,0.019831511274669505,0.3,-0.5,0.019831511274669505,0.10933281761210532,heston,2017-07-27,2019-07-29,503,0.0,False
2019-08-05,2.0,0.020445038659081503,0.3,-0.5,0.020445038659081503,0.07991773058510107,heston,2017-08-03,2019-08-05,503,0.0,False
2019-08-12,2.0,0.020714416616792044,0.3,-0.5,0.020714416616792044,0.09403291728090017,heston,2017-08-10,2019-08-12,503,0.0,False
2019-08-19,2.0,0.021287814832592525,0.3,-0.5,0.021287814832592525,0.10305303685848627,heston,2017-08-17,2019-08-19,503,0.0,False
2019-08-26,2.0,0.02169262836086088,0.3,-0.5,0.02169262836086088,0.09392777799925021,heston,2017-08-24,2019-08-26,503,0.0,False
2019-09-03,2.0,0.021792224313266568,0.3,-0.5,0.021792224313266568,0.09158582070776239,heston,2017-08-31,2019-09-03,503,0.0,False
2019-09-09,2.0,0.021895855876056747,0.3,-0.5,0.021895855876056747,0.10558696382533778,heston,2017-09-07,2019-09-09,503,0.0,False
2019-09-16,2.0,0.021871441750798613,0.3,-0.5,0.021871441750798613,0.10236453361992523,heston,2017-09-14,2019-09-16,503,0.0,False
2019-09-23,2.0,0.02190705201910858,0.3,-0.5,0.02190705201910858,0.10052123977626433,heston,2017-09-21,2019-09-23,503,0.0,False
2019-09-30,2.0,0.021975654676716205,0.3,-0.5,0.021975654676716205,0.09620565495035863,heston,2017-09-28,2019-09-30,503,0.0,False
2019-10-07,2.0,0.022313550015616038,0.3,-0.5,0.022313550015616038,0.08155459679888424,heston,2017-10-05,2019-10-07,503,0.0,False
2019-10-14,2.0,0.02254740626583947,0.3,-0.5,0.02254740626583947,0.08659301529405294,heston,2017-10-12,2019-10-14,503,0.0,False
2019-10-21,2.0,0.02262915174644636,0.3,-0.5,0.02262915174644636,0.0911691902825546,heston,2017-10-19,2019-10-21,503,0.0,False
2019-10-28,2.0,0.02262483741476744,0.3,-0.5,0.02262483741476744,0.09699765308854413,heston,2017-10-26,2019-10-28,503,0.0,False
2019-11-04,2.0,0.022639507288608005,0.3,-0.5,0.022639507288608005,0.09983691294264034,heston,2017-11-02,2019-11-04,503,0.0,False
2019-11-11,2.0,0.022635783360442717,0.3,-0.5,0.022635783360442717,0.10030305893986803,heston,2017-11-09,2019-11-11,503,0.0,False
2019-11-18,2.0,0.022610008758655948,0.3,-0.5,0.022610008758655948,0.10534533506273205,heston,2017-11-16,2019-11-18,503,0.0,False
2019-11-25,2.0,0.022621384956130832,0.3,-0.5,0.022621384956130832,0.10415456266716513,heston,2017-11-24,2019-11-25,503,0.0,False
2019-12-02,2.0,0.02259580848076262,0.3,-0.5,0.02259580848076262,0.0924995758378331,heston,2017-11-30,2019-12-02,503,0.0,False
2019-12-09,2.0,0.02266763982567283,0.3,-0.5,0.02266763982567283,0.09790384971711545,heston,2017-12-07,2019-12-09,503,0.0,False
2019-12-16,2.0,0.022699420902495875,0.3,-0.5,0.022699420902495875,0.10380313884992491,heston,2017-12-14,2019-12-16,503,0.0,False
2019-12-23,2.0,0.022674952779794488,0.3,-0.5,0.022674952779794488,0.10287292413641426,heston,2017-12-21,2019-12-23,503,0.0,False
2019-12-30,2.0,0.022702035542847377,0.3,-0.5,0.022702035542847377,0.10212538818229328,heston,2017-12-28,2019-12-30,503,0.0,False
2020-01-06,2.0,0.02272534215411789,0.3,-0.5,0.02272534215411789,0.09916917687541682,heston,2018-01-04,2020-01-06,503,0.0,False
2020-01-13,2.0,0.022741210181297596,0.3,-0.5,0.022741210181297596,0.09755440664915026,heston,2018-01-11,2020-01-13,503,0.0,False
2020-01-21,2.0,0.022703916867933608,0.3,-0.5,0.022703916867933608,0.09490348098605156,heston,2018-01-19,2020-01-21,503,0.0,False
2020-01-27,2.0,0.02285056447658529,0.3,-0.5,0.02285056447658529,0.07790353708984366,heston,2018-01-25,2020-01-27,503,0.0,False
2020-02-03,2.0,0.02296174818665579,0.3,-0.5,0.02296174818665579,0.08196934144253692,heston,2018-02-01,2020-02-03,503,0.0,False
2020-02-10,2.0,0.021042923800992527,0.3,-0.5,0.021042923800992527,0.1416067539410394,heston,2018-02-08,2020-02-10,503,0.0,False
2020-02-18,2.0,0.02070247825805756,0.3,-0.5,0.02070247825805756,0.11540955969255447,heston,2018-02-15,2020-02-18,503,0.0,False
2020-02-24,2.0,0.021327066141106722,0.3,-0.5,0.021327066141106722,0.0988147859896764,heston,2018-02-22,2020-02-24,503,0.0,False
2020-03-02,2.0,0.02335913742982254,0.3,-0.5,0.02335913742982254,0.08370524986181435,heston,2018-03-01,2020-03-02,503,0.0,False
2020-03-09,2.0,0.028592122590041485,0.3,-0.5,0.028592122590041485,0.014533616146560591,heston,2018-03-08,2020-03-09,503,0.0,False
2020-03-16,2.0,0.046116270172208824,0.3,-0.5,0.046116270172208824,-0.04545649149254703,heston,2018-03-15,2020-03-16,503,0.0,True
2020-03-23,2.0,0.0500174713440983,0.3,-0.5,0.0500174713440983,-0.059033409701980434,heston,2018-03-22,2020-03-23,503,0.0,True
2020-03-30,2.0,0.055688989262471573,0.3,-0.5,0.055688989262471573,0.024980572755777027,heston,2018-03-29,2020-03-30,503,0.0,True
2020-04-06,2.0,0.05869205151556878,0.3,-0.5,0.05869205151556878,0.039164134561661186,heston,2018-04-06,2020-04-06,503,0.0,True
2020-04-13,2.0,0.059211013588434454,0.3,-0.5,0.059211013588434454,0.047608780581263346,heston,2018-04-12,2020-04-13,503,0.0,True
2020-04-20,2.0,0.060282134533046705,0.3,-0.5,0.060282134533046705,0.053261810883991595,heston,2018-04-19,2020-04-20,503,0.0,True
2020-04-27,2.0,0.06101375592608901,0.3,-0.5,0.06101375592608901,0.0680791124800576,heston,2018-04-26,2020-04-27,503,0.0,True
2020-05-04,2.0,0.0617112876703502,0.3,-0.5,0.0617112876703502,0.06930737988177835,heston,2018-05-03,2020-05-04,503,0.0,True
2020-05-11,2.0,0.061806304120030804,0.3,-0.5,0.061806304120030804,0.06726984503051366,heston,2018-05-10,2020-05-11,503,0.0,True
2020-05-18,2.0,0.06266390819015248,0.3,-0.5,0.06266390819015248,0.07198086971230098,heston,2018-05-17,2020-05-18,503,0.0,True
2020-05-26,2.0,0.06291806514043462,0.3,-0.5,0.06291806514043462,0.0775365412798133,heston,2018-05-24,2020-05-26,503,0.0,True
2020-06-01,2.0,0.06286418749293686,0.3,-0.5,0.06286418749293686,0.09165961138356632,heston,2018-05-31,2020-06-01,503,0.0,True
2020-06-08,2.0,0.06328030899441778,0.3,-0.5,0.06328030899441778,0.10825164727460011,heston,2018-06-07,2020-06-08,503,0.0,True
2020-06-15,2.0,0.06520808568376156,0.3,-0.5,0.06520808568376156,0.0810837474590328,heston,2018-06-14,2020-06-15,503,0.0,True
2020-06-22,2.0,0.0654176587752262,0.3,-0.5,0.0654176587752262,0.09511598547623624,heston,2018-06-21,2020-06-22,503,0.0,True
2020-06-29,2.0,0.06606981930020868,0.3,-0.5,0.06606981930020868,0.09156448035661208,heston,2018-06-28,2020-06-29,503,0.0,True
2020-07-06,2.0,0.06625721565049246,0.3,-0.5,0.06625721565049246,0.10786932575691069,heston,2018-07-05,2020-07-06,503,0.0,True
2020-07-13,2.0,0.06630403521018459,0.3,-0.5,0.06630403521018459,0.09303458480169266,heston,2018-07-12,2020-07-13,503,0.0,True
2020-07-20,2.0,0.06644586681217565,0.3,-0.5,0.06644586681217565,0.10683953786469413,heston,2018-07-19,2020-07-20,503,0.0,True
2020-07-27,2.0,0.06653434810431065,0.3,-0.5,0.06653434810431065,0.09924088225148278,heston,2018-07-26,2020-07-27,503,0.0,True
2020-08-03,2.0,0.06662016138476819,0.3,-0.5,0.06662016138476819,0.10952638094383255,heston,2018-08-02,2020-08-03,503,0.0,True
2020-08-10,2.0,0.06664804231108783,0.3,-0.5,0.06664804231108783,0.11503405139055442,heston,2018-08-09,2020-08-10,503,0.0,True
2020-08-17,2.0,0.0666710742883109,0.3,-0.5,0.0666710742883109,0.12030514808800537,heston,2018-08-16,2020-08-17,503,0.0,True
2020-08-24,2.0,0.06672894290317292,0.3,-0.5,0.06672894290317292,0.12466557865711567,heston,2018-08-23,2020-08-24,503,0.0,True
2020-08-31,2.0,0.06674185725526806,0.3,-0.5,0.06674185725526806,0.12607732441829972,heston,2018-08-30,2020-08-31,503,0.0,True
2020-09-08,2.0,0.06792509892449126,0.3,-0.5,0.06792509892449126,0.10771002181226977,heston,2018-09-07,2020-09-08,503,0.0,True
2020-09-14,2.0,0.06833138694868127,0.3,-0.5,0.06833138694868127,0.110149962390266,heston,2018-09-13,2020-09-14,503,0.0,True
2020-09-21,2.0,0.06852514015828107,0.3,-0.5,0.06852514015828107,0.08822877039353655,heston,2018-09-20,2020-09-21,503,0.0,True
2020-09-28,2.0,0.06908491499421401,0.3,-0.5,0.06908491499421401,0.10440722119149153,heston,2018-09-27,2020-09-28,503,0.0,True
2020-10-05,2.0,0.06930636618288864,0.3,-0.5,0.06930636618288864,0.11495825072210802,heston,2018-10-04,2020-10-05,503,0.0,True
2020-10-12,2.0,0.06893878417261105,0.3,-0.5,0.06893878417261105,0.16393885088676755,heston,2018-10-11,2020-10-12,503,0.0,True
2020-10-19,2.0,0.0686678679572718,0.3,-0.5,0.0686678679572718,0.1410410967936261,heston,2018-10-18,2020-10-19,503,0.0,True
2020-10-26,2.0,0.06820903883495583,0.3,-0.5,0.06820903883495583,0.14854742727855308,heston,2018-10-25,2020-10-26,503,0.0,True
2020-11-02,2.0,0.068612562723407,0.3,-0.5,0.068612562723407,0.1286736918979238,heston,2018-11-01,2020-11-02,503,0.0,True
2020-11-09,2.0,0.0689779888503218,0.3,-0.5,0.0689779888503218,0.15187383042384978,heston,2018-11-08,2020-11-09,503,0.0,True
2020-11-16,2.0,0.0688944354642396,0.3,-0.5,0.0688944354642396,0.17656545161796067,heston,2018-11-15,2020-11-16,503,0.0,True
2020-11-23,2.0,0.06866704759296212,0.3,-0.5,0.06866704759296212,0.18759727691881364,heston,2018-11-23,2020-11-23,503,0.0,True
2020-11-30,2.0,0.06842917010812279,0.3,-0.5,0.06842917010812279,0.17386909379558763,heston,2018-11-29,2020-11-30,503,0.0,True
2020-12-07,2.0,0.06756562852874731,0.3,-0.5,0.06756562852874731,0.2024782922091451,heston,2018-12-07,2020-12-07,503,0.0,True
2020-12-14,2.0,0.06743275690877351,0.3,-0.5,0.06743275690877351,0.20228970994881618,heston,2018-12-14,2020-12-14,503,0.0,True
2020-12-21,2.0,0.06671385469122097,0.3,-0.5,0.06671385469122097,0.2458540918104886,heston,2018-12-21,2020-12-21,503,0.0,True
2020-12-28,2.0,0.0651645178396646,0.3,-0.5,0.0651645178396646,0.23645204542577514,heston,2018-12-28,2020-12-28,503,0.0,True
2021-01-04,2.0,0.06441984165413486,0.3,-0.5,0.06441984165413486,0.2222128438118885,heston,2019-01-04,2021-01-04,503,0.0,True
2021-01-11,2.0,0.0645170657151301,0.3,-0.5,0.0645170657151301,0.22261977863814325,heston,2019-01-11,2021-01-11,503,0.0,True
2021-01-19,2.0,0.06440200035541223,0.3,-0.5,0.06440200035541223,0.20824437109420116,heston,2019-01-18,2021-01-19,503,0.0,True
2021-01-25,2.0,0.06436781670605458,0.3,-0.5,0.06436781670605458,0.21704507803121967,heston,2019-01-25,2021-01-25,503,0.0,True
2021-02-01,2.0,0.0648890339662869,0.3,-0.5,0.0648890339662869,0.19855234699653385,heston,2019-02-01,2021-02-01,503,0.0,True
2021-02-08,2.0,0.06498011177694525,0.3,-0.5,0.06498011177694525,0.2165013530388163,heston,2019-02-08,2021-02-08,503,0.0,True
2021-02-16,2.0,0.06486016344808446,0.3,-0.5,0.06486016344808446,0.2061119377127234,heston,2019-02-15,2021-02-16,503,0.0,True
2021-02-22,2.0,0.06488510097250666,0.3,-0.5,0.06488510097250666,0.1961617708715682,heston,2019-02-22,2021-02-22,503,0.0,True
2021-03-01,2.0,0.06552236273239023,0.3,-0.5,0.06552236273239023,0.1974783794313587,heston,2019-03-01,2021-03-01,503,0.0,True
2021-03-08,2.0,0.06583529772663106,0.3,-0.5,0.06583529772663106,0.19818647555577432,heston,2019-03-08,2021-03-08,503,0.0,True
2021-03-15,2.0,0.06588309447618095,0.3,-0.5,0.06588309447618095,0.20477837586733239,heston,2019-03-15,2021-03-15,503,0.0,True
2021-03-22,2.0,0.06577997907712717,0.3,-0.5,0.06577997907712717,0.20355780232680315,heston,2019-03-22,2021-03-22,503,0.0,True
2021-03-29,2.0,0.065902099161442,0.3,-0.5,0.065902099161442,0.20191166374485223,heston,2019-03-29,2021-03-29,503,0.0,True
2021-04-05,2.0,0.06599231675183295,0.3,-0.5,0.06599231675183295,0.20690635296437093,heston,2019-04-04,2021-04-05,503,0.0,True
2021-04-12,2.0,0.06599317123689366,0.3,-0.5,0.06599317123689366,0.21158081935460965,heston,2019-04-11,2021-04-12,503,0.0,True
2021-04-19,2.0,0.0660486157399309,0.3,-0.5,0.0660486157399309,0.21279826734415974,heston,2019-04-18,2021-04-19,503,0.0,True
2021-04-26,2.0,0.0661731281280664,0.3,-0.5,0.0661731281280664,0.20992595304300846,heston,2019-04-26,2021-04-26,503,0.0,True
2021-05-03,2.0,0.06613817976166712,0.3,-0.5,0.06613817976166712,0.20955825882601176,heston,2019-05-03,2021-05-03,503,0.0,True
2021-05-10,2.0,0.06608195737738025,0.3,-0.5,0.06608195737738025,0.21942590979065868,heston,2019-05-10,2021-05-10,503,0.0,True
2021-05-17,2.0,0.06609689169426476,0.3,-0.5,0.06609689169426476,0.22046958027699234,heston,2019-05-17,2021-05-17,503,0.0,True
2021-05-24,2.0,0.06608671792358436,0.3,-0.5,0.06608671792358436,0.23023829645678584,heston,2019-05-24,2021-05-24,503,0.0,True
2021-06-01,2.0,0.06590230348924699,0.3,-0.5,0.06590230348924699,0.2455041091072279,heston,2019-06-03,2021-06-01,503,0.0,True
2021-06-07,2.0,0.06564556672154427,0.3,-0.5,0.06564556672154427,0.22505969899607128,heston,2019-06-07,2021-06-07,503,0.0,True
2021-06-14,2.0,0.06563886222173503,0.3,-0.5,0.06563886222173503,0.2258899119281801,heston,2019-06-14,2021-06-14,503,0.0,True
2021-06-21,2.0,0.06579761976172,0.3,-0.5,0.06579761976172,0.21261562560032818,heston,2019-06-21,2021-06-21,503,0.0,True
2021-06-28,2.0,0.06575494097150696,0.3,-0.5,0.06575494097150696,0.222108679964088,heston,2019-06-28,2021-06-28,503,0.0,True
2021-07-06,2.0,0.06570959340772022,0.3,-0.5,0.06570959340772022,0.2219550744919372,heston,2019-07-08,2021-07-06,503,0.0,True
2021-07-12,2.0,0.06578996518913607,0.3,-0.5,0.06578996518913607,0.22035164402334662,heston,2019-07-12,2021-07-12,503,0.0,True
2021-07-19,2.0,0.06590688618297581,0.3,-0.5,0.06590688618297581,0.2121661301074771,heston,2019-07-19,2021-07-19,503,0.0,True
2021-07-26,2.0,0.0660101607969396,0.3,-0.5,0.0660101607969396,0.22269650050525108,heston,2019-07-26,2021-07-26,503,0.0,True
2021-08-02,2.0,0.06589237341706733,0.3,-0.5,0.06589237341706733,0.23454997421196364,heston,2019-08-02,2021-08-02,503,0.0,True
2021-08-09,2.0,0.06516948721223749,0.3,-0.5,0.06516948721223749,0.2410745997518648,heston,2019-08-09,2021-08-09,503,0.0,True
2021-08-16,2.0,0.06440665135237468,0.3,-0.5,0.06440665135237468,0.25092928377181556,heston,2019-08-16,2021-08-16,503,0.0,True
2021-08-23,2.0,0.06407282006759385,0.3,-0.5,0.06407282006759385,0.2580735740063337,heston,2019-08-23,2021-08-23,503,0.0,True
2021-08-30,2.0,0.06398269637713604,0.3,-0.5,0.06398269637713604,0.2503732396325688,heston,2019-08-30,2021-08-30,503,0.0,True
2021-09-07,2.0,0.06384958354123044,0.3,-0.5,0.06384958354123044,0.23969822716275832,heston,2019-09-09,2021-09-07,503,0.0,True
2021-09-13,2.0,0.06387940482997134,0.3,-0.5,0.06387940482997134,0.2294362267087704,heston,2019-09-13,2021-09-13,503,0.0,True
2021-09-20,2.0,0.06411935208870542,0.3,-0.5,0.06411935208870542,0.21998456943452377,heston,2019-09-20,2021-09-20,503,0.0,True
2021-09-27,2.0,0.06415751998589887,0.3,-0.5,0.06415751998589887,0.23469398858167473,heston,2019-09-27,2021-09-27,503,0.0,True
2021-10-04,2.0,0.06425359804721642,0.3,-0.5,0.06425359804721642,0.22042434041754672,heston,2019-10-04,2021-10-04,503,0.0,True
2021-10-11,2.0,0.06412239937364098,0.3,-0.5,0.06412239937364098,0.22410633172257421,heston,2019-10-11,2021-10-11,503,0.0,True
2021-10-18,2.0,0.06422237611512922,0.3,-0.5,0.06422237611512922,0.23551013235875237,heston,2019-10-18,2021-10-18,503,0.0,True
2021-10-25,2.0,0.06423055858745383,0.3,-0.5,0.06423055858745383,0.2387271454857124,heston,2019-10-25,2021-10-25,503,0.0,True
2021-11-01,2.0,0.06422802784494147,0.3,-0.5,0.06422802784494147,0.23615432008017723,heston,2019-11-01,2021-11-01,503,0.0,True
2021-11-08,2.0,0.0642460793653138,0.3,-0.5,0.0642460793653138,0.2411910673425474,heston,2019-11-08,2021-11-08,503,0.0,True
2021-11-15,2.0,0.0642917136241788,0.3,-0.5,0.0642917136241788,0.23500822181902956,heston,2019-11-15,2021-11-15,503,0.0,True
2021-11-22,2.0,0.06430041778978744,0.3,-0.5,0.06430041778978744,0.23649805276420544,heston,2019-11-22,2021-11-22,503,0.0,True
2021-11-29,2.0,0.0645991472511434,0.3,-0.5,0.0645991472511434,0.22808657003996163,heston,2019-11-29,2021-11-29,503,0.0,True
2021-12-06,2.0,0.06496911956261826,0.3,-0.5,0.06496911956261826,0.22107511428877616,heston,2019-12-06,2021-12-06,503,0.0,True
2021-12-13,2.0,0.06523622176983593,0.3,-0.5,0.06523622176983593,0.22574997612385894,heston,2019-12-13,2021-12-13,503,0.0,True
2021-12-20,2.0,0.06557309253760998,0.3,-0.5,0.06557309253760998,0.2079610217963197,heston,2019-12-20,2021-12-20,503,0.0,True
2021-12-27,2.0,0.06585099450429234,0.3,-0.5,0.06585099450429234,0.22873532032370317,heston,2019-12-27,2021-12-27,503,0.0,True
2022-01-03,2.0,0.06577899452367722,0.3,-0.5,0.06577899452367722,0.2279625804688724,heston,2020-01-06,2022-01-03,503,0.0,True
2022-01-10,2.0,0.06593688862459599,0.3,-0.5,0.06593688862459599,0.20845283814527438,heston,2020-01-13,2022-01-10,503,0.0,True
2022-01-18,2.0,0.06621375976225294,0.3,-0.5,0.06621375976225294,0.1936967529237073,heston,2020-01-21,2022-01-18,503,0.0,True
2022-01-24,2.0,0.06637351185989958,0.3,-0.5,0.06637351185989958,0.1870980908006195,heston,2020-01-27,2022-01-24,503,0.0,True
2022-01-31,2.0,0.06665743210530543,0.3,-0.5,0.06665743210530543,0.19762156651514112,heston,2020-02-03,2022-01-31,503,0.0,True
2022-02-07,2.0,0.0668219567194986,0.3,-0.5,0.0668219567194986,0.17868182896001897,heston,2020-02-10,2022-02-07,503,0.0,True
2022-02-14,2.0,0.06731739766351803,0.3,-0.5,0.06731739766351803,0.16655415420936276,heston,2020-02-18,2022-02-14,503,0.0,True
2022-02-22,2.0,0.0666096046724756,0.3,-0.5,0.0666096046724756,0.19247078502781023,heston,2020-02-25,2022-02-22,503,0.0,True
2022-02-28,2.0,0.06512849048623305,0.3,-0.5,0.06512849048623305,0.20563446749659836,heston,2020-03-02,2022-02-28,503,0.0,True
2022-03-07,2.0,0.060540903498767125,0.3,-0.5,0.060540903498767125,0.24315758502208623,heston,2020-03-09,2022-03-07,503,0.0,True
2022-03-14,2.0,0.04318778789249139,0.3,-0.5,0.04318778789249139,0.2986799147223562,heston,2020-03-16,2022-03-14,503,0.0,True
2022-03-21,2.0,0.03927231700988339,0.3,-0.5,0.03927231700988339,0.36519931177636017,heston,2020-03-23,2022-03-21,503,0.0,True
2022-03-28,2.0,0.03326587572148938,0.3,-0.5,0.03326587572148938,0.2948287580922406,heston,2020-03-30,2022-03-28,503,0.0,True
2022-04-04,2.0,0.0298668649676272,0.3,-0.5,0.0298668649676272,0.28799736291807143,heston,2020-04-06,2022-04-04,503,0.0,False
2022-04-11,2.0,0.02914026560459793,0.3,-0.5,0.02914026560459793,0.2341850587911556,heston,2020-04-14,2022-04-11,503,0.0,False
2022-04-18,2.0,0.028529759890070276,0.3,-0.5,0.028529759890070276,0.23555309515925657,heston,2020-04-20,2022-04-18,503,0.0,False
2022-04-25,2.0,0.028294364957086128,0.3,-0.5,0.028294364957086128,0.21487427971599243,heston,2020-04-27,2022-04-25,503,0.0,False
2022-05-02,2.0,0.029035585211220887,0.3,-0.5,0.029035585211220887,0.20467795262872854,heston,2020-05-04,2022-05-02,503,0.0,False
2022-05-09,2.0,0.030480587744615883,0.3,-0.5,0.030480587744615883,0.1697540603530226,heston,2020-05-11,2022-05-09,503,0.0,False
2022-05-16,2.0,0.030006458341418633,0.3,-0.5,0.030006458341418633,0.1676632086851894,heston,2020-05-18,2022-05-16,503,0.0,False
2022-05-23,2.0,0.03097160755690061,0.3,-0.5,0.03097160755690061,0.1572789658746928,heston,2020-05-26,2022-05-23,503,0.0,False
2022-05-31,2.0,0.03137845084436678,0.3,-0.5,0.03137845084436678,0.16243969577216016,heston,2020-06-02,2022-05-31,503,0.0,False
2022-06-06,2.0,0.03127420066983955,0.3,-0.5,0.03127420066983955,0.13699898974407404,heston,2020-06-08,2022-06-06,503,0.0,False
2022-06-13,2.0,0.030948025118745174,0.3,-0.5,0.030948025118745174,0.11563044824354883,heston,2020-06-15,2022-06-13,503,0.0,False
2022-06-21,2.0,0.03167565086991255,0.3,-0.5,0.03167565086991255,0.11029643084040303,heston,2020-06-22,2022-06-21,503,0.0,True
2022-06-27,2.0,0.031500025346799014,0.3,-0.5,0.031500025346799014,0.1452948840357008,heston,2020-06-26,2022-06-27,503,0.0,False
2022-07-05,2.0,0.03149156618578965,0.3,-0.5,0.03149156618578965,0.10905912908864471,heston,2020-07-06,2022-07-05,503,0.0,False
2022-07-11,2.0,0.03152196219252056,0.3,-0.5,0.03152196219252056,0.11119036956396043,heston,2020-07-10,2022-07-11,503,0.0,False
2022-07-18,2.0,0.03162677971715076,0.3,-0.5,0.03162677971715076,0.10178802843467488,heston,2020-07-17,2022-07-18,503,0.0,True
2022-07-25,2.0,0.03194117779528063,0.3,-0.5,0.03194117779528063,0.12080887198171082,heston,2020-07-24,2022-07-25,503,0.0,True
2022-08-01,2.0,0.032361504028178,0.3,-0.5,0.032361504028178,0.13118004750290968,heston,2020-07-31,2022-08-01,503,0.0,True
2022-08-08,2.0,0.03244202811172871,0.3,-0.5,0.03244202811172871,0.12171896255947173,heston,2020-08-07,2022-08-08,503,0.0,True
2022-08-15,2.0,0.0326660272952299,0.3,-0.5,0.0326660272952299,0.1373343382304814,heston,2020-08-14,2022-08-15,503,0.0,True
2022-08-22,2.0,0.03300406407162027,0.3,-0.5,0.03300406407162027,0.11513756575846688,heston,2020-08-21,2022-08-22,503,0.0,True
2022-08-29,2.0,0.033617384164075344,0.3,-0.5,0.033617384164075344,0.0861608457031565,heston,2020-08-28,2022-08-29,503,0.0,True
2022-09-06,2.0,0.03297453690657843,0.3,-0.5,0.03297453690657843,0.08242687320393556,heston,2020-09-04,2022-09-06,503,0.0,True
2022-09-12,2.0,0.032574735847056675,0.3,-0.5,0.032574735847056675,0.12009313252698892,heston,2020-09-11,2022-09-12,503,0.0,True
2022-09-19,2.0,0.03348820888832198,0.3,-0.5,0.03348820888832198,0.09758522726466601,heston,2020-09-18,2022-09-19,503,0.0,True
2022-09-26,2.0,0.03343120088489897,0.3,-0.5,0.03343120088489897,0.06820196011912033,heston,2020-09-25,2022-09-26,503,0.0,True
2022-10-03,2.0,0.034067302548701064,0.3,-0.5,0.034067302548701064,0.06394511779951295,heston,2020-10-02,2022-10-03,503,0.0,True
2022-10-10,2.0,0.034543835409315,0.3,-0.5,0.034543835409315,0.03594255042647566,heston,2020-10-09,2022-10-10,503,0.0,True
2022-10-17,2.0,0.03532824603512175,0.3,-0.5,0.03532824603512175,0.04507405717638099,heston,2020-10-16,2022-10-17,503,0.0,True
2022-10-24,2.0,0.035667607341014144,0.3,-0.5,0.035667607341014144,0.06361985082694604,heston,2020-10-23,2022-10-24,503,0.0,True
2022-10-31,2.0,0.03522659488504207,0.3,-0.5,0.03522659488504207,0.1016945304260886,heston,2020-10-30,2022-10-31,503,0.0,True
2022-11-07,2.0,0.035135097113714125,0.3,-0.5,0.035135097113714125,0.05847344717068394,heston,2020-11-06,2022-11-07,503,0.0,True
2022-11-14,2.0,0.03663460092651467,0.3,-0.5,0.03663460092651467,0.06760371057349905,heston,2020-11-13,2022-11-14,503,0.0,True
2022-11-21,2.0,0.036522618252986194,0.3,-0.5,0.036522618252986194,0.07076564238998305,heston,2020-11-20,2022-11-21,503,0.0,True
2022-11-28,2.0,0.036614520509976836,0.3,-0.5,0.036614520509976836,0.06086171853949147,heston,2020-11-27,2022-11-28,503,0.0,True
2022-12-05,2.0,0.037157970058861255,0.3,-0.5,0.037157970058861255,0.0573266169526834,heston,2020-12-04,2022-12-05,503,0.0,True
2022-12-12,2.0,0.037377699376909344,0.3,-0.5,0.037377699376909344,0.061465436854099484,heston,2020-12-11,2022-12-12,503,0.0,True
2022-12-19,2.0,0.037761927400373596,0.3,-0.5,0.037761927400373596,0.03337950711837927,heston,2020-12-18,2022-12-19,503,0.0,True
2022-12-27,2.0,0.037949101889029724,0.3,-0.5,0.037949101889029724,0.031247879804313247,heston,2020-12-28,2022-12-27,503,0.0,True
2023-01-03,2.0,0.03808931262180031,0.3,-0.5,0.03808931262180031,0.03512628740864731,heston,2021-01-04,2023-01-03,503,0.0,True
2023-01-09,2.0,0.03827722797205553,0.3,-0.5,0.03827722797205553,0.027737120856665447,heston,2021-01-08,2023-01-09,503,0.0,True
2023-01-17,2.0,0.03833423913454161,0.3,-0.5,0.03833423913454161,0.04776536021564639,heston,2021-01-15,2023-01-17,503,0.0,True
2023-01-23,2.0,0.03859954749800974,0.3,-0.5,0.03859954749800974,0.04200316212261329,heston,2021-01-22,2023-01-23,503,0.0,True
2023-01-30,2.0,0.03818016443238666,0.3,-0.5,0.03818016443238666,0.05879199757304475,heston,2021-01-29,2023-01-30,503,0.0,True
2023-02-06,2.0,0.03821949336017209,0.3,-0.5,0.03821949336017209,0.04690730160101464,heston,2021-02-05,2023-02-06,503,0.0,True
2023-02-13,2.0,0.038434847767553744,0.3,-0.5,0.038434847767553744,0.044338629757601895,heston,2021-02-12,2023-02-13,503,0.0,True
2023-02-21,2.0,0.0387065536125779,0.3,-0.5,0.0387065536125779,0.03472615152121913,heston,2021-02-22,2023-02-21,503,0.0,True
2023-02-27,2.0,0.03841122496354804,0.3,-0.5,0.03841122496354804,0.04157760657967592,heston,2021-02-26,2023-02-27,503,0.0,True
2023-03-06,2.0,0.03792948196088529,0.3,-0.5,0.03792948196088529,0.045466835348597676,heston,2021-03-05,2023-03-06,503,0.0,True
2023-03-13,2.0,0.03814933095127753,0.3,-0.5,0.03814933095127753,0.007889863585468537,heston,2021-03-12,2023-03-13,503,0.0,True
2023-03-20,2.0,0.03847857595607554,0.3,-0.5,0.03847857595607554,0.024689239815233244,heston,2021-03-19,2023-03-20,503,0.0,True
2023-03-27,2.0,0.038519171997312286,0.3,-0.5,0.038519171997312286,0.019904423010844684,heston,2021-03-26,2023-03-27,503,0.0,True
2023-04-03,2.0,0.038577069752614525,0.3,-0.5,0.038577069752614525,0.024915743157685712,heston,2021-04-05,2023-04-03,503,0.0,True
2023-04-10,2.0,0.03856585532220816,0.3,-0.5,0.03856585532220816,0.016988760243880928,heston,2021-04-09,2023-04-10,503,0.0,True
2023-04-17,2.0,0.03859782792102327,0.3,-0.5,0.03859782792102327,0.01529672665485542,heston,2021-04-16,2023-04-17,503,0.0,True
2023-04-24,2.0,0.038429455883236485,0.3,-0.5,0.038429455883236485,0.01424926658476421,heston,2021-04-23,2023-04-24,503,0.0,True
2023-05-01,2.0,0.03875462345527229,0.3,-0.5,0.03875462345527229,0.01722368555837441,heston,2021-04-30,2023-05-01,503,0.0,True
2023-05-08,2.0,0.038956632526086055,0.3,-0.5,0.038956632526086055,0.008220088992065357,heston,2021-05-07,2023-05-08,503,0.0,True
2023-05-15,2.0,0.0384763165767966,0.3,-0.5,0.0384763165767966,0.014926245781302146,heston,2021-05-14,2023-05-15,503,0.0,True
2023-05-22,2.0,0.03851712333773101,0.3,-0.5,0.03851712333773101,0.023885577005034592,heston,2021-05-21,2023-05-22,503,0.0,True
2023-05-30,2.0,0.038670371928718514,0.3,-0.5,0.038670371928718514,0.019502140251710088,heston,2021-05-28,2023-05-30,503,0.0,True
2023-06-05,2.0,0.03878581872264934,0.3,-0.5,0.03878581872264934,0.02469947459332642,heston,2021-06-04,2023-06-05,503,0.0,True
2023-06-12,2.0,0.03884086974560926,0.3,-0.5,0.03884086974560926,0.030502061343009933,heston,2021-06-11,2023-06-12,503,0.0,True
2023-06-20,2.0,0.0388137645461983,0.3,-0.5,0.0388137645461983,0.04558846938569114,heston,2021-06-18,2023-06-20,503,0.0,True
2023-06-26,2.0,0.03873946372145103,0.3,-0.5,0.03873946372145103,0.026786455414175257,heston,2021-06-24,2023-06-26,503,0.0,True
2023-07-03,2.0,0.038851928634515566,0.3,-0.5,0.038851928634515566,0.034739733054820233,heston,2021-07-01,2023-07-03,503,0.0,True
2023-07-10,2.0,0.03882038807102835,0.3,-0.5,0.03882038807102835,0.029469774974493636,heston,2021-07-08,2023-07-10,503,0.0,True
2023-07-17,2.0,0.038833678568113233,0.3,-0.5,0.038833678568113233,0.03762364196228776,heston,2021-07-15,2023-07-17,503,0.0,True
2023-07-24,2.0,0.038616713875339735,0.3,-0.5,0.038616713875339735,0.040417583347045524,heston,2021-07-22,2023-07-24,503,0.0,True
2023-07-31,2.0,0.03861768676532268,0.3,-0.5,0.03861768676532268,0.038426602511623505,heston,2021-07-29,2023-07-31,503,0.0,True
2023-08-07,2.0,0.038694454336027265,0.3,-0.5,0.038694454336027265,0.029395849398847526,heston,2021-08-05,2023-08-07,503,0.0,True
2023-08-14,2.0,0.038732314898796597,0.3,-0.5,0.038732314898796597,0.02273148236111535,heston,2021-08-12,2023-08-14,503,0.0,True
2023-08-21,2.0,0.03879095981779602,0.3,-0.5,0.03879095981779602,0.018802857231497033,heston,2021-08-19,2023-08-21,503,0.0,True
2023-08-28,2.0,0.03890768194202979,0.3,-0.5,0.03890768194202979,0.015509074408765589,heston,2021-08-26,2023-08-28,503,0.0,True
2023-09-05,2.0,0.03897635452519195,0.3,-0.5,0.03897635452519195,0.015102376525884129,heston,2021-09-02,2023-09-05,503,0.0,True
2023-09-11,2.0,0.03901026990255707,0.3,-0.5,0.03901026990255707,0.018913385467003732,heston,2021-09-09,2023-09-11,503,0.0,True
2023-09-18,2.0,0.039100657958999724,0.3,-0.5,0.039100657958999724,0.015568451514828472,heston,2021-09-16,2023-09-18,503,0.0,True
2023-09-25,2.0,0.038948330202003056,0.3,-0.5,0.038948330202003056,0.00694021911651598,heston,2021-09-23,2023-09-25,503,0.0,True
2023-10-02,2.0,0.03878793499035485,0.3,-0.5,0.03878793499035485,0.017252989082501263,heston,2021-09-30,2023-10-02,503,0.0,True
2023-10-09,2.0,0.03874151871814028,0.3,-0.5,0.03874151871814028,0.012042235531467466,heston,2021-10-07,2023-10-09,503,0.0,True
2023-10-16,2.0,0.03867233710874571,0.3,-0.5,0.03867233710874571,0.011968308690889452,heston,2021-10-14,2023-10-16,503,0.0,True
2023-10-23,2.0,0.038800445601819666,0.3,-0.5,0.038800445601819666,-0.018597347342428093,heston,2021-10-21,2023-10-23,503,0.0,True
2023-10-30,2.0,0.03901248356746135,0.3,-0.5,0.03901248356746135,-0.029525259321897788,heston,2021-10-28,2023-10-30,503,0.0,True
2023-11-06,2.0,0.03927697046283348,0.3,-0.5,0.03927697046283348,-0.015033076711319388,heston,2021-11-04,2023-11-06,503,0.0,True
2023-11-13,2.0,0.03939024888861159,0.3,-0.5,0.03939024888861159,-0.00644789051154834,heston,2021-11-11,2023-11-13,503,0.0,True
2023-11-20,2.0,0.039565468727115735,0.3,-0.5,0.039565468727115735,0.0030052756521453637,heston,2021-11-18,2023-11-20,503,0.0,True
2023-11-27,2.0,0.03956715778789921,0.3,-0.5,0.03956715778789921,0.0035580921149281908,heston,2021-11-24,2023-11-27,503,0.0,True
2023-12-04,2.0,0.03890562774825638,0.3,-0.5,0.03890562774825638,0.018674540756730678,heston,2021-12-02,2023-12-04,503,0.0,True
2023-12-11,2.0,0.03861465619886105,0.3,-0.5,0.03861465619886105,0.014601401269504337,heston,2021-12-09,2023-12-11,503,0.0,True
2023-12-18,2.0,0.038488624292248634,0.3,-0.5,0.038488624292248634,0.025138301988701144,heston,2021-12-16,2023-12-18,503,0.0,True
2023-12-26,2.0,0.03827724381729446,0.3,-0.5,0.03827724381729446,0.024486138740693615,heston,2021-12-23,2023-12-26,503,0.0,True
