date,equity,cash,stock_shares,stock_value,option_value,open_positions,unrealized_pnl,realized_pnl,hedge_pnl,cumulative_commissions,cumulative_slippage,drawdown,equity_peak
2022-01-03,1000000.0,1000000.0,0,0.0,0.0,0,0.0,0.0,0.0,0.0,0.0,0.0,1000000.0
2022-01-04,1000000.0,1000000.0,0,0.0,0.0,0,0.0,0.0,0.0,0.0,0.0,0.0,1000000.0
2022-01-05,1000000.0,1000000.0,0,0.0,0.0,0,0.0,0.0,0.0,0.0,0.0,0.0,1000000.0
2022-01-06,1000000.0,1000000.0,0,0.0,0.0,0,0.0,0.0,0.0,0.0,0.0,0.0,1000000.0
2022-01-07,1000000.0,1000000.0,0,0.0,0.0,0,0.0,0.0,0.0,0.0,0.0,0.0,1000000.0
2022-01-10,1000000.0,1000000.0,0,0.0,0.0,0,0.0,0.0,0.0,0.0,0.0,0.0,1000000.0
2022-01-11,1000000.0,1000000.0,0,0.0,0.0,0,0.0,0.0,0.0,0.0,0.0,0.0,1000000.0
2022-01-12,1000000.0,1000000.0,0,0.0,0.0,0,0.0,0.0,0.0,0.0,0.0,0.0,1000000.0
2022-01-13,1000000.0,1000000.0,0,0.0,0.0,0,0.0,0.0,0.0,0.0,0.0,0.0,1000000.0
2022-01-14,1000000.0,1000000.0,0,0.0,0.0,0,0.0,0.0,0.0,0.0,0.0,0.0,1000000.0
2022-01-18,1000000.0,1000000.0,0,0.0,0.0,0,0.0,0.0,0.0,0.0,0.0,0.0,1000000.0
2022-01-19,1000000.0,1000000.0,0,0.0,0.0,0,0.0,0.0,0.0,0.0,0.0,0.0,1000000.0
2022-01-20,1000000.0,1000000.0,0,0.0,0.0,0,0.0,0.0,0.0,0.0,0.0,0.0,1000000.0
2022-01-21,1000000.0,1000000.0,0,0.0,0.0,0,0.0,0.0,0.0,0.0,0.0,0.0,1000000.0
2022-01-24,1000000.0,1000000.0,0,0.0,0.0,0,0.0,0.0,0.0,0.0,0.0,0.0,1000000.0
2022-01-25,1000000.0,1000000.0,0,0.0,0.0,0,0.0,0.0,0.0,0.0,0.0,0.0,1000000.0
2022-01-26,1000000.0,1000000.0,0,0.0,0.0,0,0.0,0.0,0.0,0.0,0.0,0.0,1000000.0
2022-01-27,1000000.0,1000000.0,0,0.0,0.0,0,0.0,0.0,0.0,0.0,0.0,0.0,1000000.0
2022-01-28,1000000.0,1000000.0,0,0.0,0.0,0,0.0,0.0,0.0,0.0,0.0,0.0,1000000.0
2022-01-31,1000000.0,1000000.0,0,0.0,0.0,0,0.0,0.0,0.0,0.0,0.0,0.0,1000000.0
2022-02-01,1000000.0,1000000.0,0,0.0,0.0,0,0.0,0.0,0.0,0.0,0.0,0.0,1000000.0
2022-02-02,1000000.0,1000000.0,0,0.0,0.0,0,0.0,0.0,0.0,0.0,0.0,0.0,1000000.0
2022-02-03,1000000.0,1000000.0,0,0.0,0.0,0,0.0,0.0,0.0,0.0,0.0,0.0,1000000.0
2022-02-04,1000000.0,1000000.0,0,0.0,0.0,0,0.0,0.0,0.0,0.0,0.0,0.0,1000000.0
2022-02-07,1000000.0,1000000.0,0,0.0,0.0,0,0.0,0.0,0.0,0.0,0.0,0.0,1000000.0
2022-02-08,1000000.0,1000000.0,0,0.0,0.0,0,0.0,0.0,0.0,0.0,0.0,0.0,1000000.0
2022-02-09,1000000.0,1000000.0,0,0.0,0.0,0,0.0,0.0,0.0,0.0,0.0,0.0,1000000.0
2022-02-10,1000000.0,1000000.0,0,0.0,0.0,0,0.0,0.0,0.0,0.0,0.0,0.0,1000000.0
2022-02-11,1000000.0,1000000.0,0,0.0,0.0,0,0.0,0.0,0.0,0.0,0.0,0.0,1000000.0
2022-02-14,1000000.0,1000000.0,0,0.0,0.0,0,0.0,0.0,0.0,0.0,0.0,0.0,1000000.0
2022-02-15,1000000.0,1000000.0,0,0.0,0.0,0,0.0,0.0,0.0,0.0,0.0,0.0,1000000.0
2022-02-16,1000000.0,1000000.0,0,0.0,0.0,0,0.0,0.0,0.0,0.0,0.0,0.0,1000000.0
2022-02-17,1000000.0,1000000.0,0,0.0,0.0,0,0.0,0.0,0.0,0.0,0.0,0.0,1000000.0
2022-02-18,1000000.0,1000000.0,0,0.0,0.0,0,0.0,0.0,0.0,0.0,0.0,0.0,1000000.0
2022-02-22,1000000.0,1000000.0,0,0.0,0.0,0,0.0,0.0,0.0,0.0,0.0,0.0,1000000.0
2022-02-23,1000000.0,1000000.0,0,0.0,0.0,0,0.0,0.0,0.0,0.0,0.0,0.0,1000000.0
2022-02-24,1000000.0,1000000.0,0,0.0,0.0,0,0.0,0.0,0.0,0.0,0.0,0.0,1000000.0
2022-02-25,1000000.0,1000000.0,0,0.0,0.0,0,0.0,0.0,0.0,0.0,0.0,0.0,1000000.0
2022-02-28,1000000.0,1000000.0,0,0.0,0.0,0,0.0,0.0,0.0,0.0,0.0,0.0,1000000.0
2022-03-01,1000000.0,1000000.0,0,0.0,0.0,0,0.0,0.0,0.0,0.0,0.0,0.0,1000000.0
2022-03-02,1000000.0,1000000.0,0,0.0,0.0,0,0.0,0.0,0.0,0.0,0.0,0.0,1000000.0
2022-03-03,1000000.0,1000000.0,0,0.0,0.0,0,0.0,0.0,0.0,0.0,0.0,0.0,1000000.0
2022-03-04,1000000.0,1000000.0,0,0.0,0.0,0,0.0,0.0,0.0,0.0,0.0,0.0,1000000.0
2022-03-07,1000000.0,1000000.0,0,0.0,0.0,0,0.0,0.0,0.0,0.0,0.0,0.0,1000000.0
2022-03-08,1000000.0,1000000.0,0,0.0,0.0,0,0.0,0.0,0.0,0.0,0.0,0.0,1000000.0
2022-03-09,1000000.0,1000000.0,0,0.0,0.0,0,0.0,0.0,0.0,0.0,0.0,0.0,1000000.0
2022-03-10,1000000.0,1000000.0,0,0.0,0.0,0,0.0,0.0,0.0,0.0,0.0,0.0,1000000.0
2022-03-11,1000000.0,1000000.0,0,0.0,0.0,0,0.0,0.0,0.0,0.0,0.0,0.0,1000000.0
2022-03-14,1000000.0,1000000.0,0,0.0,0.0,0,0.0,0.0,0.0,0.0,0.0,0.0,1000000.0
2022-03-15,1000000.0,1000000.0,0,0.0,0.0,0,0.0,0.0,0.0,0.0,0.0,0.0,1000000.0
2022-03-16,1000000.0,1000000.0,0,0.0,0.0,0,0.0,0.0,0.0,0.0,0.0,0.0,1000000.0
2022-03-17,1000000.0,1000000.0,0,0.0,0.0,0,0.0,0.0,0.0,0.0,0.0,0.0,1000000.0
2022-03-18,1000000.0,1000000.0,0,0.0,0.0,0,0.0,0.0,0.0,0.0,0.0,0.0,1000000.0
2022-03-21,1000000.0,1000000.0,0,0.0,0.0,0,0.0,0.0,0.0,0.0,0.0,0.0,1000000.0
2022-03-22,1000000.0,1000000.0,0,0.0,0.0,0,0.0,0.0,0.0,0.0,0.0,0.0,1000000.0
2022-03-23,1000000.0,1000000.0,0,0.0,0.0,0,0.0,0.0,0.0,0.0,0.0,0.0,1000000.0
2022-03-24,1000000.0,1000000.0,0,0.0,0.0,0,0.0,0.0,0.0,0.0,0.0,0.0,1000000.0
2022-03-25,1000000.0,1000000.0,0,0.0,0.0,0,0.0,0.0,0.0,0.0,0.0,0.0,1000000.0
2022-03-28,1000000.0,1000000.0,0,0.0,0.0,0,0.0,0.0,0.0,0.0,0.0,0.0,1000000.0
2022-03-29,999601.16,1020140.38,0,0.0,-20539.220000000005,1,-398.8400000000074,0.0,0.0,33.800000000000004,60.84000000000008,-0.0003988400000000114,1000000.0
2022-03-30,999601.16,1020140.38,0,0.0,-20539.220000000005,1,-398.8400000000074,0.0,0.0,33.800000000000004,60.84000000000008,-0.0003988400000000114,1000000.0
2022-03-31,999601.16,1020140.38,0,0.0,-20539.220000000005,1,-398.8400000000074,0.0,0.0,33.800000000000004,60.84000000000008,-0.0003988400000000114,1000000.0
2022-04-01,999601.16,1020140.38,0,0.0,-20539.220000000005,1,-398.8400000000074,0.0,0.0,33.800000000000004,60.84000000000008,-0.0003988400000000114,1000000.0
2022-04-04,999334.1100000001,1036850.93,0,0.0,-37516.82000000001,2,-665.890000000003,0.0,0.0,59.800000000000004,101.01500000000007,-0.0006658899999999468,1000000.0
2022-04-05,999334.1100000001,1036850.93,0,0.0,-37516.82000000001,2,-665.890000000003,0.0,0.0,59.800000000000004,101.01500000000007,-0.0006658899999999468,1000000.0
2022-04-06,999334.1100000001,1036850.93,0,0.0,-37516.82000000001,2,-665.890000000003,0.0,0.0,59.800000000000004,101.01500000000007,-0.0006658899999999468,1000000.0
2022-04-07,999334.1100000001,1036850.93,0,0.0,-37516.82000000001,2,-665.890000000003,0.0,0.0,59.800000000000004,101.01500000000007,-0.0006658899999999468,1000000.0
2022-04-08,999334.1100000001,1036850.93,0,0.0,-37516.82000000001,2,-665.890000000003,0.0,0.0,59.800000000000004,101.01500000000007,-0.0006658899999999468,1000000.0
2022-04-11,999334.1100000001,1036850.93,0,0.0,-37516.82000000001,2,-665.890000000003,0.0,0.0,59.800000000000004,101.01500000000007,-0.0006658899999999468,1000000.0
2022-04-12,998929.835204,1043081.415204,-62,-27173.98,-16977.6,1,-267.04999999999563,-797.6800000000076,27171.262602,93.60000000000001,164.5723980000012,-0.0010701647959999727,1000000.0
2022-04-13,998198.369988,989820.689988,106,46990.86,-38613.17999999999,2,-672.3799999999937,-797.6800000000076,-47312.265006,124.80000000000001,234.375006000001,-0.001801630011999955,1000000.0
2022-04-14,997613.2499879999,989820.689988,106,46405.740000000005,-38613.17999999999,2,-672.3799999999937,-797.6800000000076,-47312.265006,124.80000000000001,234.375006000001,-0.0023867500120000607,1000000.0
2022-04-18,996924.2949880001,1019211.694988,106,46424.82,-68712.22,3,-1380.41499999999,-797.6800000000076,-47312.265006,174.20000000000002,344.14750600000116,-0.0030757050119999407,1000000.0
2022-04-19,997397.141132,954338.241132,213,94793.52,-51734.619999999995,2,-1113.3649999999943,-1331.780000000006,-94936.30693400001,200.20000000000002,389.08443400000306,-0.0026028588679999354,1000000.0
2022-04-20,997326.851132,954338.241132,213,94723.23,-51734.619999999995,2,-1113.3649999999943,-1331.780000000006,-94936.30693400001,200.20000000000002,389.08443400000306,-0.0026731488679999638,1000000.0
2022-04-21,995910.401132,954338.241132,213,93306.78,-51734.619999999995,2,-1113.3649999999943,-1331.780000000006,-94936.30693400001,200.20000000000002,389.08443400000306,-0.004089598867999977,1000000.0
2022-04-22,993350.141132,954338.241132,213,90746.52,-51734.619999999995,2,-1113.3649999999943,-1331.780000000006,-94936.30693400001,200.20000000000002,389.08443400000306,-0.006649858867999958,1000000.0
2022-04-25,992744.631606,992744.631606,0,0.0,0.0,0,0.0,-3558.510000000002,-3672.804197000005,280.8,570.3391969999998,-0.007255368393999984,1000000.0
2022-04-26,992700.0766060001,985812.1866060001,0,0.0,6887.89,1,-44.5550000000012,-3558.510000000002,-3672.804197000005,283.40000000000003,577.3316969999998,-0.007299923393999874,1000000.0
2022-04-27,992700.0766060001,985812.1866060001,0,0.0,6887.89,1,-44.5550000000012,-3558.510000000002,-3672.804197000005,283.40000000000003,577.3316969999998,-0.007299923393999874,1000000.0
2022-04-28,992700.0766060001,985812.1866060001,0,0.0,6887.89,1,-44.5550000000012,-3558.510000000002,-3672.804197000005,283.40000000000003,577.3316969999998,-0.007299923393999874,1000000.0
2022-04-29,992700.0766060001,985812.1866060001,0,0.0,6887.89,1,-44.5550000000012,-3558.510000000002,-3672.804197000005,283.40000000000003,577.3316969999998,-0.007299923393999874,1000000.0
2022-05-02,992654.846606,979142.156606,0,0.0,13512.69,2,-89.78500000000258,-3558.510000000002,-3672.804197000005,286.00000000000006,584.4366969999999,-0.0073451533939999925,1000000.0
2022-05-03,992654.846606,979142.156606,0,0.0,13512.69,2,-89.78500000000258,-3558.510000000002,-3672.804197000005,286.00000000000006,584.4366969999999,-0.0073451533939999925,1000000.0
2022-05-04,992654.846606,979142.156606,0,0.0,13512.69,2,-89.78500000000258,-3558.510000000002,-3672.804197000005,286.00000000000006,584.4366969999999,-0.0073451533939999925,1000000.0
2022-05-05,992654.846606,979142.156606,0,0.0,13512.69,2,-89.78500000000258,-3558.510000000002,-3672.804197000005,286.00000000000006,584.4366969999999,-0.0073451533939999925,1000000.0
2022-05-06,992654.846606,979142.156606,0,0.0,13512.69,2,-89.78500000000258,-3558.510000000002,-3672.804197000005,286.00000000000006,584.4366969999999,-0.0073451533939999925,1000000.0
2022-05-09,992610.141606,972263.981606,0,0.0,20346.16,3,-134.49000000000433,-3558.510000000002,-3672.804197000005,288.6000000000001,591.4541969999999,-0.007389858393999971,1000000.0
2022-05-10,992610.141606,972263.981606,0,0.0,20346.16,3,-134.49000000000433,-3558.510000000002,-3672.804197000005,288.6000000000001,591.4541969999999,-0.007389858393999971,1000000.0
2022-05-11,992565.586606,979107.316606,0,0.0,13458.27,2,-89.93500000000313,-3647.6200000000044,-3672.804197000005,291.2000000000001,598.446697,-0.007434413394000083,1000000.0
2022-05-12,992565.586606,979107.316606,0,0.0,13458.27,2,-89.93500000000313,-3647.6200000000044,-3672.804197000005,291.2000000000001,598.446697,-0.007434413394000083,1000000.0
2022-05-13,992475.6516059999,992475.6516059999,0,0.0,0.0,0,0.0,-3827.490000000009,-3672.804197000005,296.40000000000015,612.569197,-0.007524348394000069,1000000.0
2022-05-16,992475.6516059999,992475.6516059999,0,0.0,0.0,0,0.0,-3827.490000000009,-3672.804197000005,296.40000000000015,612.569197,-0.007524348394000069,1000000.0
2022-05-17,992475.6516059999,992475.6516059999,0,0.0,0.0,0,0.0,-3827.490000000009,-3672.804197000005,296.40000000000015,612.569197,-0.007524348394000069,1000000.0
2022-05-18,992475.6516059999,992475.6516059999,0,0.0,0.0,0,0.0,-3827.490000000009,-3672.804197000005,296.40000000000015,612.569197,-0.007524348394000069,1000000.0
2022-05-19,992475.6516059999,992475.6516059999,0,0.0,0.0,0,0.0,-3827.490000000009,-3672.804197000005,296.40000000000015,612.569197,-0.007524348394000069,1000000.0
2022-05-20,992475.6516059999,992475.6516059999,0,0.0,0.0,0,0.0,-3827.490000000009,-3672.804197000005,296.40000000000015,612.569197,-0.007524348394000069,1000000.0
2022-05-23,992475.6516059999,992475.6516059999,0,0.0,0.0,0,0.0,-3827.490000000009,-3672.804197000005,296.40000000000015,612.569197,-0.007524348394000069,1000000.0
2022-05-24,992475.6516059999,992475.6516059999,0,0.0,0.0,0,0.0,-3827.490000000009,-3672.804197000005,296.40000000000015,612.569197,-0.007524348394000069,1000000.0
2022-05-25,992475.6516059999,992475.6516059999,0,0.0,0.0,0,0.0,-3827.490000000009,-3672.804197000005,296.40000000000015,612.569197,-0.007524348394000069,1000000.0
2022-05-26,992475.6516059999,992475.6516059999,0,0.0,0.0,0,0.0,-3827.490000000009,-3672.804197000005,296.40000000000015,612.569197,-0.007524348394000069,1000000.0
2022-05-27,992475.6516059999,992475.6516059999,0,0.0,0.0,0,0.0,-3827.490000000009,-3672.804197000005,296.40000000000015,612.569197,-0.007524348394000069,1000000.0
2022-05-31,992475.6516059999,992475.6516059999,0,0.0,0.0,0,0.0,-3827.490000000009,-3672.804197000005,296.40000000000015,612.569197,-0.007524348394000069,1000000.0
2022-06-01,992475.6516059999,992475.6516059999,0,0.0,0.0,0,0.0,-3827.490000000009,-3672.804197000005,296.40000000000015,612.569197,-0.007524348394000069,1000000.0
2022-06-02,992475.6516059999,992475.6516059999,0,0.0,0.0,0,0.0,-3827.490000000009,-3672.804197000005,296.40000000000015,612.569197,-0.007524348394000069,1000000.0
2022-06-03,992475.6516059999,992475.6516059999,0,0.0,0.0,0,0.0,-3827.490000000009,-3672.804197000005,296.40000000000015,612.569197,-0.007524348394000069,1000000.0
2022-06-06,992475.6516059999,992475.6516059999,0,0.0,0.0,0,0.0,-3827.490000000009,-3672.804197000005,296.40000000000015,612.569197,-0.007524348394000069,1000000.0
2022-06-07,991850.3093979999,1059671.109398,-96,-39911.04,-27909.76,1,-617.3599999999933,-3827.490000000009,36234.244699,338.00000000000017,712.5203009999966,-0.008149690602000104,1000000.0
2022-06-08,992284.2293979999,1059671.109398,-96,-39477.12,-27909.76,1,-617.3599999999933,-3827.490000000009,36234.244699,338.00000000000017,712.5203009999966,-0.007715770602000016,1000000.0
2022-06-09,993223.109398,1059671.109398,-96,-38538.24,-27909.76,1,-617.3599999999933,-3827.490000000009,36234.244699,338.00000000000017,712.5203009999966,-0.006776890602000041,1000000.0
2022-06-10,993715.7052379999,993715.7052379999,0,0.0,0.0,0,0.0,-5062.210000000003,-1190.2973809999967,379.6000000000002,812.2223809999944,-0.006284294762000098,1000000.0
2022-06-13,993655.1277379999,984210.0027379999,0,0.0,9445.125,1,-60.57750000000124,-5062.210000000003,-1190.2973809999967,383.50000000000017,821.6686309999944,-0.00634487226200009,1000000.0
2022-06-14,993655.1277379999,984210.0027379999,0,0.0,9445.125,1,-60.57750000000124,-5062.210000000003,-1190.2973809999967,383.50000000000017,821.6686309999944,-0.00634487226200009,1000000.0
2022-06-15,993594.5502379999,993594.5502379999,0,0.0,0.0,0,0.0,-5183.365000000005,-1190.2973809999967,387.40000000000015,831.1148809999945,-0.006405449762000082,1000000.0
2022-06-16,993594.5502379999,993594.5502379999,0,0.0,0.0,0,0.0,-5183.365000000005,-1190.2973809999967,387.40000000000015,831.1148809999945,-0.006405449762000082,1000000.0
2022-06-17,993594.5502379999,993594.5502379999,0,0.0,0.0,0,0.0,-5183.365000000005,-1190.2973809999967,387.40000000000015,831.1148809999945,-0.006405449762000082,1000000.0
2022-06-21,993594.5502379999,993594.5502379999,0,0.0,0.0,0,0.0,-5183.365000000005,-1190.2973809999967,387.40000000000015,831.1148809999945,-0.006405449762000082,1000000.0
2022-06-22,993594.5502379999,993594.5502379999,0,0.0,0.0,0,0.0,-5183.365000000005,-1190.2973809999967,387.40000000000015,831.1148809999945,-0.006405449762000082,1000000.0
2022-06-23,993594.5502379999,993594.5502379999,0,0.0,0.0,0,0.0,-5183.365000000005,-1190.2973809999967,387.40000000000015,831.1148809999945,-0.006405449762000082,1000000.0
2022-06-24,993594.5502379999,993594.5502379999,0,0.0,0.0,0,0.0,-5183.365000000005,-1190.2973809999967,387.40000000000015,831.1148809999945,-0.006405449762000082,1000000.0
2022-06-27,993594.5502379999,993594.5502379999,0,0.0,0.0,0,0.0,-5183.365000000005,-1190.2973809999967,387.40000000000015,831.1148809999945,-0.006405449762000082,1000000.0
2022-06-28,993594.5502379999,993594.5502379999,0,0.0,0.0,0,0.0,-5183.365000000005,-1190.2973809999967,387.40000000000015,831.1148809999945,-0.006405449762000082,1000000.0
2022-06-29,993594.5502379999,993594.5502379999,0,0.0,0.0,0,0.0,-5183.365000000005,-1190.2973809999967,387.40000000000015,831.1148809999945,-0.006405449762000082,1000000.0
2022-06-30,993594.5502379999,993594.5502379999,0,0.0,0.0,0,0.0,-5183.365000000005,-1190.2973809999967,387.40000000000015,831.1148809999945,-0.006405449762000082,1000000.0
2022-07-01,993594.5502379999,993594.5502379999,0,0.0,0.0,0,0.0,-5183.365000000005,-1190.2973809999967,387.40000000000015,831.1148809999945,-0.006405449762000082,1000000.0
2022-07-05,993594.5502379999,993594.5502379999,0,0.0,0.0,0,0.0,-5183.365000000005,-1190.2973809999967,387.40000000000015,831.1148809999945,-0.006405449762000082,1000000.0
2022-07-06,993594.5502379999,993594.5502379999,0,0.0,0.0,0,0.0,-5183.365000000005,-1190.2973809999967,387.40000000000015,831.1148809999945,-0.006405449762000082,1000000.0
2022-07-07,992525.9302379999,992525.9302379999,0,0.0,0.0,0,0.0,-6251.9850000000115,-1190.2973809999967,460.2000000000001,997.0848809999943,-0.007474069762000157,1000000.0
2022-07-08,992525.9302379999,992525.9302379999,0,0.0,0.0,0,0.0,-6251.9850000000115,-1190.2973809999967,460.2000000000001,997.0848809999943,-0.007474069762000157,1000000.0
2022-07-11,992525.9302379999,992525.9302379999,0,0.0,0.0,0,0.0,-6251.9850000000115,-1190.2973809999967,460.2000000000001,997.0848809999943,-0.007474069762000157,1000000.0
2022-07-12,992525.9302379999,992525.9302379999,0,0.0,0.0,0,0.0,-6251.9850000000115,-1190.2973809999967,460.2000000000001,997.0848809999943,-0.007474069762000157,1000000.0
2022-07-13,992525.9302379999,992525.9302379999,0,0.0,0.0,0,0.0,-6251.9850000000115,-1190.2973809999967,460.2000000000001,997.0848809999943,-0.007474069762000157,1000000.0
2022-07-14,991579.8155559999,1004122.1455559998,51,19273.41,-31815.739999999998,1,-942.260000000002,-6251.9850000000115,-20465.634721999995,517.4000000000001,1146.5222219999932,-0.008420184444000167,1000000.0
2022-07-15,991948.0355559998,1004122.1455559998,51,19641.63,-31815.739999999998,1,-942.260000000002,-6251.9850000000115,-20465.634721999995,517.4000000000001,1146.5222219999932,-0.008051964444000137,1000000.0
2022-07-18,991785.8555559998,1004122.1455559998,51,19479.45,-31815.739999999998,1,-942.260000000002,-6251.9850000000115,-20465.634721999995,517.4000000000001,1146.5222219999932,-0.00821414444400026,1000000.0
2022-07-19,991622.5650579998,1067314.6550579998,-36,-14121.72,-61570.37,2,-1625.0450000000092,-6251.9850000000115,13658.442529000007,564.2,1255.9324709999917,-0.008377434942000161,1000000.0
2022-07-20,991532.5650579998,1067314.6550579998,-36,-14211.72,-61570.37,2,-1625.0450000000092,-6251.9850000000115,13658.442529000007,564.2,1255.9324709999917,-0.008467434942000196,1000000.0
2022-07-21,991387.8450579998,1067314.6550579998,-36,-14356.44,-61570.37,2,-1625.0450000000092,-6251.9850000000115,13658.442529000007,564.2,1255.9324709999917,-0.008612154942000183,1000000.0
2022-07-22,991521.0450579998,1067314.6550579998,-36,-14223.24,-61570.37,2,-1625.0450000000092,-6251.9850000000115,13658.442529000007,564.2,1255.9324709999917,-0.008478954942000239,1000000.0
2022-07-25,991114.0950579998,1088874.2450579999,-36,-14240.52,-83519.63,3,-2014.7150000000147,-6251.9850000000115,13658.442529000007,595.4000000000001,1315.6774709999916,-0.008885904942000145,1000000.0
2022-07-26,991282.5750579998,1088874.2450579999,-36,-14072.039999999999,-83519.63,3,-2014.7150000000147,-6251.9850000000115,13658.442529000007,595.4000000000001,1315.6774709999916,-0.00871742494200023,1000000.0
2022-07-27,990917.1750579999,1088874.2450579999,-36,-14437.44,-83519.63,3,-2014.7150000000147,-6251.9850000000115,13658.442529000007,595.4000000000001,1315.6774709999916,-0.009082824942000078,1000000.0
2022-07-28,990736.0950579998,1088874.2450579999,-36,-14618.52,-83519.63,3,-2014.7150000000147,-6251.9850000000115,13658.442529000007,595.4000000000001,1315.6774709999916,-0.009263904942000134,1000000.0
2022-07-29,989580.7150579998,1056116.2450579999,-36,-14831.64,-51703.89000000001,2,-1072.4550000000127,-8136.5050000000265,13658.442529000007,652.6000000000001,1463.187470999992,-0.010419284942000173,1000000.0
2022-08-01,989125.8824159998,1008698.8224159998,137,56275.49,-75848.43000000001,3,-1556.99500000001,-8136.5050000000265,-57411.873791999984,689.0000000000001,1544.9837919999873,-0.010874117584000254,1000000.0
2022-08-02,988754.6124159998,1008698.8224159998,137,55904.22,-75848.43000000001,3,-1556.99500000001,-8136.5050000000265,-57411.873791999984,689.0000000000001,1544.9837919999873,-0.011245387584000288,1000000.0
2022-08-03,988940.1288759997,942611.5788759998,223,92422.34999999999,-46093.8,2,-874.2100000000028,-9502.07500000003,-93058.13806199998,735.8000000000001,1654.545561999988,-0.011059871124000309,1000000.0
2022-08-04,988877.6888759998,942611.5788759998,223,92359.91,-46093.8,2,-874.2100000000028,-9502.07500000003,-93058.13806199998,735.8000000000001,1654.545561999988,-0.011122311124000195,1000000.0
2022-08-05,988721.5888759998,942611.5788759998,223,92203.81000000001,-46093.8,2,-874.2100000000028,-9502.07500000003,-93058.13806199998,735.8000000000001,1654.545561999988,-0.011278411124000187,1000000.0
2022-08-08,988614.5488759998,942611.5788759998,223,92096.77,-46093.8,2,-874.2100000000028,-9502.07500000003,-93058.13806199998,735.8000000000001,1654.545561999988,-0.011385451124000245,1000000.0
2022-08-09,987397.0691759998,988232.9791759998,113,46482.55,-47318.45999999999,2,-937.5799999999908,-10281.41500000003,-47814.16291199998,803.4000000000001,1788.2554119999877,-0.012602930824000103,1000000.0
2022-08-10,988373.3891759998,988232.9791759998,113,47458.87,-47318.45999999999,2,-937.5799999999908,-10281.41500000003,-47814.16291199998,803.4000000000001,1788.2554119999877,-0.011626610824000183,1000000.0
2022-08-11,988373.3891759998,988232.9791759998,113,47458.87,-47318.45999999999,2,-937.5799999999908,-10281.41500000003,-47814.16291199998,803.4000000000001,1788.2554119999877,-0.011626610824000183,1000000.0
2022-08-12,989176.8191759998,988232.9791759998,113,48262.3,-47318.45999999999,2,-937.5799999999908,-10281.41500000003,-47814.16291199998,803.4000000000001,1788.2554119999877,-0.010823180824000134,1000000.0
2022-08-15,989058.0397359999,944127.5147359997,258,110645.88,-65715.355,3,-1242.8024999999834,-10281.41500000003,-110005.08138199997,832.0000000000001,1840.5776319999893,-0.010941960264000072,1000000.0
2022-08-16,988774.7505359998,996828.9655359997,78,33516.6,-41570.814999999995,2,-758.2624999999862,-11250.495000000028,-32666.81598199997,868.4000000000001,1923.0022319999837,-0.011225249464000275,1000000.0
2022-08-17,988536.8505359998,996828.9655359997,78,33278.7,-41570.814999999995,2,-758.2624999999862,-11250.495000000028,-32666.81598199997,868.4000000000001,1923.0022319999837,-0.011463149464000288,1000000.0
2022-08-18,988633.5705359998,996828.9655359997,78,33375.42,-41570.814999999995,2,-758.2624999999862,-11250.495000000028,-32666.81598199997,868.4000000000001,1923.0022319999837,-0.011366429464000127,1000000.0
2022-08-19,988185.0705359998,996828.9655359997,78,32926.92,-41570.814999999995,2,-758.2624999999862,-11250.495000000028,-32666.81598199997,868.4000000000001,1923.0022319999837,-0.011814929464000201,1000000.0
2022-08-22,987499.4505359998,996828.9655359997,78,32241.300000000003,-41570.814999999995,2,-758.2624999999862,-11250.495000000028,-32666.81598199997,868.4000000000001,1923.0022319999837,-0.012500549464000144,1000000.0
2022-08-23,987421.4505359998,996828.9655359997,78,32163.300000000003,-41570.814999999995,2,-758.2624999999862,-11250.495000000028,-32666.81598199997,868.4000000000001,1923.0022319999837,-0.012578549464000166,1000000.0
2022-08-24,987065.7446239997,945066.8196239998,146,60395.82,-18396.894999999997,1,-305.2224999999926,-12156.575000000023,-60799.18893799997,904.8000000000001,1995.2551879999824,-0.012934255376000348,1000000.0
2022-08-25,987618.1846239998,963512.1196239998,146,61248.46,-37142.395,2,-605.4224999999933,-12156.575000000023,-60799.18893799997,930.8000000000001,2040.9551879999824,-0.01238181537600025,1000000.0
2022-08-26,984927.7270719998,984927.7270719998,0,0.0,0.0,0,0.0,-13367.420000000016,-1629.8464639999656,985.4000000000001,2138.676463999981,-0.015072272928000174,1000000.0
2022-08-29,984927.7270719998,984927.7270719998,0,0.0,0.0,0,0.0,-13367.420000000016,-1629.8464639999656,985.4000000000001,2138.676463999981,-0.015072272928000174,1000000.0
2022-08-30,984927.7270719998,984927.7270719998,0,0.0,0.0,0,0.0,-13367.420000000016,-1629.8464639999656,985.4000000000001,2138.676463999981,-0.015072272928000174,1000000.0
2022-08-31,984927.7270719998,984927.7270719998,0,0.0,0.0,0,0.0,-13367.420000000016,-1629.8464639999656,985.4000000000001,2138.676463999981,-0.015072272928000174,1000000.0
2022-09-01,984927.7270719998,984927.7270719998,0,0.0,0.0,0,0.0,-13367.420000000016,-1629.8464639999656,985.4000000000001,2138.676463999981,-0.015072272928000174,1000000.0
2022-09-02,984927.7270719998,984927.7270719998,0,0.0,0.0,0,0.0,-13367.420000000016,-1629.8464639999656,985.4000000000001,2138.676463999981,-0.015072272928000174,1000000.0
2022-09-06,984927.7270719998,984927.7270719998,0,0.0,0.0,0,0.0,-13367.420000000016,-1629.8464639999656,985.4000000000001,2138.676463999981,-0.015072272928000174,1000000.0
2022-09-07,984927.7270719998,984927.7270719998,0,0.0,0.0,0,0.0,-13367.420000000016,-1629.8464639999656,985.4000000000001,2138.676463999981,-0.015072272928000174,1000000.0
2022-09-08,984927.7270719998,984927.7270719998,0,0.0,0.0,0,0.0,-13367.420000000016,-1629.8464639999656,985.4000000000001,2138.676463999981,-0.015072272928000174,1000000.0
2022-09-09,984927.7270719998,984927.7270719998,0,0.0,0.0,0,0.0,-13367.420000000016,-1629.8464639999656,985.4000000000001,2138.676463999981,-0.015072272928000174,1000000.0
2022-09-12,984927.7270719998,984927.7270719998,0,0.0,0.0,0,0.0,-13367.420000000016,-1629.8464639999656,985.4000000000001,2138.676463999981,-0.015072272928000174,1000000.0
2022-09-13,984927.7270719998,984927.7270719998,0,0.0,0.0,0,0.0,-13367.420000000016,-1629.8464639999656,985.4000000000001,2138.676463999981,-0.015072272928000174,1000000.0
2022-09-14,984927.7270719998,984927.7270719998,0,0.0,0.0,0,0.0,-13367.420000000016,-1629.8464639999656,985.4000000000001,2138.676463999981,-0.015072272928000174,1000000.0
2022-09-15,984927.7270719998,984927.7270719998,0,0.0,0.0,0,0.0,-13367.420000000016,-1629.8464639999656,985.4000000000001,2138.676463999981,-0.015072272928000174,1000000.0
2022-09-16,984927.7270719998,984927.7270719998,0,0.0,0.0,0,0.0,-13367.420000000016,-1629.8464639999656,985.4000000000001,2138.676463999981,-0.015072272928000174,1000000.0
2022-09-19,984927.7270719998,984927.7270719998,0,0.0,0.0,0,0.0,-13367.420000000016,-1629.8464639999656,985.4000000000001,2138.676463999981,-0.015072272928000174,1000000.0
2022-09-20,984876.7795719998,977151.3745719998,0,0.0,7725.405000000001,1,-50.94749999999931,-13367.420000000016,-1629.8464639999656,989.3000000000001,2146.517713999981,-0.015123220428000184,1000000.0
2022-09-21,984876.7795719998,977151.3745719998,0,0.0,7725.405000000001,1,-50.94749999999931,-13367.420000000016,-1629.8464639999656,989.3000000000001,2146.517713999981,-0.015123220428000184,1000000.0
2022-09-22,984876.7795719998,977151.3745719998,0,0.0,7725.405000000001,1,-50.94749999999931,-13367.420000000016,-1629.8464639999656,989.3000000000001,2146.517713999981,-0.015123220428000184,1000000.0
2022-09-23,984876.7795719998,977151.3745719998,0,0.0,7725.405000000001,1,-50.94749999999931,-13367.420000000016,-1629.8464639999656,989.3000000000001,2146.517713999981,-0.015123220428000184,1000000.0
2022-09-26,984817.8895719998,968386.4245719998,0,0.0,16431.465,2,-109.83750000000055,-13367.420000000016,-1629.8464639999656,993.2,2155.682713999981,-0.015182110428000217,1000000.0
2022-09-27,984817.8895719998,968386.4245719998,0,0.0,16431.465,2,-109.83750000000055,-13367.420000000016,-1629.8464639999656,993.2,2155.682713999981,-0.015182110428000217,1000000.0
2022-09-28,984817.8895719998,968386.4245719998,0,0.0,16431.465,2,-109.83750000000055,-13367.420000000016,-1629.8464639999656,993.2,2155.682713999981,-0.015182110428000217,1000000.0
2022-09-29,984817.8895719998,968386.4245719998,0,0.0,16431.465,2,-109.83750000000055,-13367.420000000016,-1629.8464639999656,993.2,2155.682713999981,-0.015182110428000217,1000000.0
2022-09-30,984817.8895719998,968386.4245719998,0,0.0,16431.465,2,-109.83750000000055,-13367.420000000016,-1629.8464639999656,993.2,2155.682713999981,-0.015182110428000217,1000000.0
2022-10-03,984757.4635739998,981796.7985739998,-59,-21629.99,24590.655,3,-165.9375,-13367.420000000016,19997.980537000036,997.1,2166.5457129999795,-0.015242536426000153,1000000.0
2022-10-04,984087.2235739998,981796.7985739998,-59,-22300.230000000003,24590.655,3,-165.9375,-13367.420000000016,19997.980537000036,997.1,2166.5457129999795,-0.015912776426000197,1000000.0
2022-10-05,984088.1960739999,989471.2560739998,-59,-22248.309999999998,16865.25,2,-114.99000000000069,-13469.315000000017,19997.980537000036,1001.0,2174.3869629999795,-0.015911803926000112,1000000.0
2022-10-06,984317.7060739998,989471.2560739998,-59,-22018.8,16865.25,2,-114.99000000000069,-13469.315000000017,19997.980537000036,1001.0,2174.3869629999795,-0.01568229392600029,1000000.0
2022-10-07,984931.8960739998,989471.2560739998,-59,-21404.61,16865.25,2,-114.99000000000069,-13469.315000000017,19997.980537000036,1001.0,2174.3869629999795,-0.01506810392600022,1000000.0
2022-10-10,985039.3610739997,980768.6010739998,-59,-21241.18,25511.94,3,-170.95499999999902,-13469.315000000017,19997.980537000036,1004.9,2183.0644629999797,-0.014960638926000303,1000000.0
2022-10-11,985114.9910739998,989415.7710739998,-59,-21106.66,16805.88,2,-112.06499999999778,-13587.095000000018,19997.980537000036,1008.8,2192.2294629999797,-0.014885008926000198,1000000.0
2022-10-12,985184.6110739998,989415.7710739998,-59,-21037.04,16805.88,2,-112.06499999999778,-13587.095000000018,19997.980537000036,1008.8,2192.2294629999797,-0.014815388926000206,1000000.0
2022-10-13,984629.4210739998,989415.7710739998,-59,-21592.230000000003,16805.88,2,-112.06499999999778,-13587.095000000018,19997.980537000036,1008.8,2192.2294629999797,-0.015370578926000134,1000000.0
2022-10-14,985121.4810739998,989415.7710739998,-59,-21100.17,16805.88,2,-112.06499999999778,-13587.095000000018,19997.980537000036,1008.8,2192.2294629999797,-0.014878518926000228,1000000.0
2022-10-17,982960.8610739998,980847.3810739998,-59,-21642.38,23755.86,3,-1730.4749999999958,-13587.095000000018,19997.980537000036,1012.6999999999999,2201.0044629999798,-0.017039138926000175,1000000.0
2022-10-18,984212.3310739998,988950.4710739998,-59,-21896.67,17158.53,2,-112.5149999999976,-13699.295000000016,19997.980537000036,1016.5999999999999,2209.7044629999796,-0.015787668926000253,1000000.0
2022-10-19,984367.5010739998,988950.4710739998,-59,-21741.5,17158.53,2,-112.5149999999976,-13699.295000000016,19997.980537000036,1016.5999999999999,2209.7044629999796,-0.01563249892600016,1000000.0
2022-10-20,984549.8110739999,988950.4710739998,-59,-21559.190000000002,17158.53,2,-112.5149999999976,-13699.295000000016,19997.980537000036,1016.5999999999999,2209.7044629999796,-0.015450188926000141,1000000.0
2022-10-21,984025.8910739998,988950.4710739998,-59,-22083.11,17158.53,2,-112.5149999999976,-13699.295000000016,19997.980537000036,1016.5999999999999,2209.7044629999796,-0.015974108926000152,1000000.0
2022-10-24,983414.6310739998,988950.4710739998,-59,-22353.33,16817.489999999998,2,-453.5549999999985,-13699.295000000016,19997.980537000036,1016.5999999999999,2209.7044629999796,-0.016585368926000155,1000000.0
2022-10-25,983281.6640179998,983281.6640179998,0,0.0,0.0,0,0.0,-13924.325000000013,-2714.570490999966,1024.3999999999999,2229.427990999981,-0.016718335982000232,1000000.0
2022-10-26,983281.6640179998,983281.6640179998,0,0.0,0.0,0,0.0,-13924.325000000013,-2714.570490999966,1024.3999999999999,2229.427990999981,-0.016718335982000232,1000000.0
2022-10-27,983281.6640179998,983281.6640179998,0,0.0,0.0,0,0.0,-13924.325000000013,-2714.570490999966,1024.3999999999999,2229.427990999981,-0.016718335982000232,1000000.0
2022-10-28,983281.6640179998,983281.6640179998,0,0.0,0.0,0,0.0,-13924.325000000013,-2714.570490999966,1024.3999999999999,2229.427990999981,-0.016718335982000232,1000000.0
2022-10-31,983281.6640179998,983281.6640179998,0,0.0,0.0,0,0.0,-13924.325000000013,-2714.570490999966,1024.3999999999999,2229.427990999981,-0.016718335982000232,1000000.0
2022-11-01,983281.6640179998,983281.6640179998,0,0.0,0.0,0,0.0,-13924.325000000013,-2714.570490999966,1024.3999999999999,2229.427990999981,-0.016718335982000232,1000000.0
2022-11-02,983281.6640179998,983281.6640179998,0,0.0,0.0,0,0.0,-13924.325000000013,-2714.570490999966,1024.3999999999999,2229.427990999981,-0.016718335982000232,1000000.0
2022-11-03,983281.6640179998,983281.6640179998,0,0.0,0.0,0,0.0,-13924.325000000013,-2714.570490999966,1024.3999999999999,2229.427990999981,-0.016718335982000232,1000000.0
2022-11-04,982838.5207979997,973927.5407979997,86,32366.100000000002,-23455.12,1,-436.6700000000019,-13924.325000000013,-35083.907100999975,1058.1999999999998,2299.8096009999826,-0.017161479202000285,1000000.0
2022-11-07,983148.1207979997,973927.5407979997,86,32675.7,-23455.12,1,-436.6700000000019,-13924.325000000013,-35083.907100999975,1058.1999999999998,2299.8096009999826,-0.016851879202000375,1000000.0
2022-11-08,983324.4207979997,973927.5407979997,86,32852.0,-23455.12,1,-436.6700000000019,-13924.325000000013,-35083.907100999975,1058.1999999999998,2299.8096009999826,-0.016675579202000246,1000000.0
2022-11-09,982647.6007979998,973927.5407979997,86,32175.18,-23455.12,1,-436.6700000000019,-13924.325000000013,-35083.907100999975,1058.1999999999998,2299.8096009999826,-0.017352399202000268,1000000.0
2022-11-10,984020.9960219997,975015.4560219997,138,54467.22,-45461.67999999999,2,-827.3300000000017,-13924.325000000013,-55609.839488999976,1089.3999999999999,2361.7719889999826,-0.015979003978000228,1000000.0
2022-11-11,984548.1560219997,975015.4560219997,138,54994.38,-45461.67999999999,2,-827.3300000000017,-13924.325000000013,-55609.839488999976,1089.3999999999999,2361.7719889999826,-0.015451843978000368,1000000.0
2022-11-14,984080.3360219998,975015.4560219997,138,54526.56,-45461.67999999999,2,-827.3300000000017,-13924.325000000013,-55609.839488999976,1089.3999999999999,2361.7719889999826,-0.015919663978000154,1000000.0
2022-11-15,984545.3960219997,975015.4560219997,138,54991.62,-45461.67999999999,2,-827.3300000000017,-13924.325000000013,-55609.839488999976,1089.3999999999999,2361.7719889999826,-0.015454603978000359,1000000.0
2022-11-16,984125.8760219996,975015.4560219997,138,54572.1,-45461.67999999999,2,-827.3300000000017,-13924.325000000013,-55609.839488999976,1089.3999999999999,2361.7719889999826,-0.015874123978000365,1000000.0
2022-11-17,983329.8351179998,1030958.3651179997,65,25625.600000000002,-73254.13,3,-1450.6350000000093,-13924.325000000013,-26833.197440999975,1133.6,2461.1674409999823,-0.016670164882000238,1000000.0
2022-11-18,983002.7034019997,1041118.3434019997,-21,-8316.63,-49799.009999999995,2,-1013.9650000000074,-14797.66500000002,7221.976701000021,1167.3999999999999,2531.7182989999824,-0.01699729659800031,1000000.0
2022-11-21,983032.9434019997,1041118.3434019997,-21,-8286.39,-49799.009999999995,2,-1013.9650000000074,-14797.66500000002,7221.976701000021,1167.3999999999999,2531.7182989999824,-0.016967056598000352,1000000.0
2022-11-22,982494.6098019998,1090761.0498019997,-91,-36390.9,-71875.54,3,-1435.1900000000096,-14797.66500000002,35212.17740100002,1203.8,2598.655098999982,-0.017505390198000237,1000000.0
2022-11-23,982265.2898019997,1090761.0498019997,-91,-36620.22,-71875.54,3,-1435.1900000000096,-14797.66500000002,35212.17740100002,1203.8,2598.655098999982,-0.017734710198000325,1000000.0
2022-11-25,981878.6355699997,1089280.8055699996,-143,-57533.189999999995,-49868.979999999996,2,-1044.5300000000097,-15578.985000000028,56131.245285000026,1235.0,2660.657214999982,-0.018121364430000342,1000000.0
2022-11-28,982163.9138319996,1091281.6938319996,-84,-33256.44,-75861.34,3,-1672.6400000000103,-15578.985000000028,32770.21941600002,1281.8,2759.878083999981,-0.017836086168000365,1000000.0
2022-11-29,982221.0338319995,1091281.6938319996,-84,-33199.32,-75861.34,3,-1672.6400000000103,-15578.985000000028,32770.21941600002,1281.8,2759.878083999981,-0.017778966168000454,1000000.0
2022-11-30,981175.2338319995,1091281.6938319996,-84,-34245.12,-75861.34,3,-1672.6400000000103,-15578.985000000028,32770.21941600002,1281.8,2759.878083999981,-0.01882476616800055,1000000.0
2022-12-01,981200.4338319997,1091281.6938319996,-84,-34219.92,-75861.34,3,-1672.6400000000103,-15578.985000000028,32770.21941600002,1281.8,2759.878083999981,-0.01879956616800038,1000000.0
2022-12-02,980610.6679459994,1033155.5679459994,-11,-4476.01,-48068.89,2,-1049.3350000000028,-16825.595000000038,3062.818973000023,1326.0,2859.3660269999796,-0.01938933205400062,1000000.0
2022-12-05,983057.0860219994,1080206.3710219995,-79,-31567.609999999997,-65581.675,3,1321.9974999999977,-16825.595000000038,30232.221761000023,1359.8,2919.9494889999805,-0.01694291397800063,1000000.0
2022-12-06,980759.7960219994,1080206.3710219995,-79,-31112.57,-68334.005,3,-1430.3325000000004,-16825.595000000038,30232.221761000023,1359.8,2919.9494889999805,-0.019240203978000525,1000000.0
2022-12-07,980385.9967819997,1030181.9117819996,-9,-3538.44,-46257.475000000006,2,-1009.1074999999983,-17668.045000000046,2708.269641000021,1396.2,2986.8391089999795,-0.01961400321800033,1000000.0
2022-12-08,980358.2767819996,1030181.9117819996,-9,-3566.16,-46257.475000000006,2,-1009.1074999999983,-17668.045000000046,2708.269641000021,1396.2,2986.8391089999795,-0.019641723218000395,1000000.0
2022-12-09,980384.9167819996,1030181.9117819996,-9,-3539.5199999999995,-46257.475000000006,2,-1009.1074999999983,-17668.045000000046,2708.269641000021,1396.2,2986.8391089999795,-0.019615083218000318,1000000.0
2022-12-12,980333.8867819996,1030181.9117819996,-9,-3590.5499999999997,-46257.475000000006,2,-1009.1074999999983,-17668.045000000046,2708.269641000021,1396.2,2986.8391089999795,-0.01966611321800038,1000000.0
2022-12-13,979348.5417819996,1023345.8767819996,-9,-3617.7300000000005,-40379.604999999996,2,-711.0524999999943,-18924.265000000054,2708.269641000021,1471.6,3133.9666089999796,-0.020651458218000407,1000000.0
2022-12-14,979371.6717819996,1023345.8767819996,-9,-3594.6,-40379.604999999996,2,-711.0524999999943,-18924.265000000054,2708.269641000021,1471.6,3133.9666089999796,-0.020628328218000314,1000000.0
2022-12-15,979459.6017819996,1023345.8767819996,-9,-3506.67,-40379.604999999996,2,-711.0524999999943,-18924.265000000054,2708.269641000021,1471.6,3133.9666089999796,-0.020540398218000466,1000000.0
2022-12-16,979516.8417819996,1023345.8767819996,-9,-3449.43,-40379.604999999996,2,-711.0524999999943,-18924.265000000054,2708.269641000021,1471.6,3133.9666089999796,-0.020483158218000397,1000000.0
2022-12-19,979546.0917819996,1023345.8767819996,-9,-3420.18,-40379.604999999996,2,-711.0524999999943,-18924.265000000054,2708.269641000021,1471.6,3133.9666089999796,-0.020453908218000416,1000000.0
2022-12-20,978713.6017819996,1024953.5767819996,-9,-3424.86,-42815.115000000005,2,-776.8675000000076,-19686.260000000046,2708.269641000021,1544.3999999999999,3259.8016089999796,-0.02128639821800038,1000000.0
2022-12-21,978662.3917819996,1024953.5767819996,-9,-3476.07,-42815.115000000005,2,-776.8675000000076,-19686.260000000046,2708.269641000021,1544.3999999999999,3259.8016089999796,-0.021337608218000348,1000000.0
2022-12-22,978711.9817819996,1024953.5767819996,-9,-3426.4800000000005,-42815.115000000005,2,-776.8675000000076,-19686.260000000046,2708.269641000021,1544.3999999999999,3259.8016089999796,-0.021288018218000415,1000000.0
2022-12-23,978692.2717819996,1024953.5767819996,-9,-3446.19,-42815.115000000005,2,-776.8675000000076,-19686.260000000046,2708.269641000021,1544.3999999999999,3259.8016089999796,-0.02130772821800042,1000000.0
2022-12-27,978369.8569419994,1034252.2819419994,-87,-33181.799999999996,-22700.625000000004,1,-446.8125000000109,-20346.37000000004,32454.494721000017,1572.9999999999998,3313.019028999979,-0.021630143058000595,1000000.0
2022-12-28,978782.2369419994,1034252.2819419994,-87,-32769.420000000006,-22700.625000000004,1,-446.8125000000109,-20346.37000000004,32454.494721000017,1572.9999999999998,3313.019028999979,-0.021217763058000605,1000000.0
2022-12-29,978192.3769419994,1034252.2819419994,-87,-33359.28,-22700.625000000004,1,-446.8125000000109,-20346.37000000004,32454.494721000017,1572.9999999999998,3313.019028999979,-0.021807623058000547,1000000.0
2022-12-30,978280.2469419994,1034252.2819419994,-87,-33271.41,-22700.625000000004,1,-446.8125000000109,-20346.37000000004,32454.494721000017,1572.9999999999998,3313.019028999979,-0.021719753058000557,1000000.0
2023-01-03,980485.2919419995,1034252.2819419994,-87,-33131.34,-20635.649999999998,1,1618.162499999995,-20346.37000000004,32454.494721000017,1572.9999999999998,3313.019028999979,-0.019514708058000596,1000000.0
2023-01-04,977711.0470179995,977711.0470179995,0,0.0,0.0,0,0.0,-21239.995000000043,-935.9639909999823,1611.9999999999998,3384.3264909999766,-0.02228895298200051,1000000.0
2023-01-05,977711.0470179995,977711.0470179995,0,0.0,0.0,0,0.0,-21239.995000000043,-935.9639909999823,1611.9999999999998,3384.3264909999766,-0.02228895298200051,1000000.0
2023-01-06,977711.0470179995,977711.0470179995,0,0.0,0.0,0,0.0,-21239.995000000043,-935.9639909999823,1611.9999999999998,3384.3264909999766,-0.02228895298200051,1000000.0
2023-01-09,977711.0470179995,977711.0470179995,0,0.0,0.0,0,0.0,-21239.995000000043,-935.9639909999823,1611.9999999999998,3384.3264909999766,-0.02228895298200051,1000000.0
2023-01-10,977711.0470179995,977711.0470179995,0,0.0,0.0,0,0.0,-21239.995000000043,-935.9639909999823,1611.9999999999998,3384.3264909999766,-0.02228895298200051,1000000.0
2023-01-11,977711.0470179995,977711.0470179995,0,0.0,0.0,0,0.0,-21239.995000000043,-935.9639909999823,1611.9999999999998,3384.3264909999766,-0.02228895298200051,1000000.0
2023-01-12,977287.3683619995,971890.6483619995,68,26993.28,-21596.559999999998,1,-418.27999999999884,-21239.995000000043,-27931.94331899998,1653.5999999999997,3449.8058189999765,-0.022712631638000524,1000000.0
2023-01-13,977392.0883619995,971890.6483619995,68,27098.0,-21596.559999999998,1,-418.27999999999884,-21239.995000000043,-27931.94331899998,1653.5999999999997,3449.8058189999765,-0.022607911638000466,1000000.0
2023-01-17,977031.0124459997,1011066.2324459996,14,5568.78,-39603.99999999999,2,-725.4199999999946,-21239.995000000043,-6454.511276999983,1684.7999999999997,3497.943776999977,-0.022968987554000342,1000000.0
2023-01-18,976943.0924459996,1011066.2324459996,14,5480.860000000001,-39603.99999999999,2,-725.4199999999946,-21239.995000000043,-6454.511276999983,1684.7999999999997,3497.943776999977,-0.02305690755400036,1000000.0
2023-01-19,976903.1924459996,1011066.2324459996,14,5440.96,-39603.99999999999,2,-725.4199999999946,-21239.995000000043,-6454.511276999983,1684.7999999999997,3497.943776999977,-0.023096807554000454,1000000.0
2023-01-20,977004.5524459996,1011066.2324459996,14,5542.32,-39603.99999999999,2,-725.4199999999946,-21239.995000000043,-6454.511276999983,1684.7999999999997,3497.943776999977,-0.022995447554000403,1000000.0
2023-01-23,976740.8250119996,1052664.2950119996,-45,-18028.35,-57895.119999999995,3,-1050.9199999999946,-21239.995000000043,17180.29500600002,1715.9999999999998,3549.3574939999753,-0.023259174988000453,1000000.0
2023-01-24,976760.1750119996,1052664.2950119996,-45,-18009.0,-57895.119999999995,3,-1050.9199999999946,-21239.995000000043,17180.29500600002,1715.9999999999998,3549.3574939999753,-0.02323982498800048,1000000.0
2023-01-25,976753.4250119996,1052664.2950119996,-45,-18015.75,-57895.119999999995,3,-1050.9199999999946,-21239.995000000043,17180.29500600002,1715.9999999999998,3549.3574939999753,-0.023246574988000424,1000000.0
2023-01-26,976555.4250119996,1052664.2950119996,-45,-18213.75,-57895.119999999995,3,-1050.9199999999946,-21239.995000000043,17180.29500600002,1715.9999999999998,3549.3574939999753,-0.023444574988000455,1000000.0
2023-01-27,976089.8588999996,1057824.5788999996,-112,-45436.16,-36298.56,2,-632.6399999999958,-22076.555000000044,44358.136950000015,1757.5999999999997,3614.855549999976,-0.023910141100000337,1000000.0
2023-01-30,976297.3287299997,1103382.3237299996,-177,-70904.43,-56180.565,3,-990.0424999999923,-22076.555000000044,70393.88311500002,1791.3999999999996,3671.3931349999752,-0.023702671270000253,1000000.0
2023-01-31,975254.7987299997,1103382.3237299996,-177,-71946.96,-56180.565,3,-990.0424999999923,-22076.555000000044,70393.88311500002,1791.3999999999996,3671.3931349999752,-0.02474520127000035,1000000.0
2023-02-01,974178.5820899996,1062880.1070899996,-123,-50528.4,-38173.125,2,-682.9024999999965,-22690.83500000005,48208.46479500002,1822.5999999999997,3719.6014549999763,-0.025821417910000477,1000000.0
2023-02-02,973443.0420899997,1062880.1070899996,-123,-51263.939999999995,-38173.125,2,-682.9024999999965,-22690.83500000005,48208.46479500002,1822.5999999999997,3719.6014549999763,-0.026556957910000345,1000000.0
2023-02-03,973987.9320899996,1062880.1070899996,-123,-50719.05,-38173.125,2,-682.9024999999965,-22690.83500000005,48208.46479500002,1822.5999999999997,3719.6014549999763,-0.026012067910000436,1000000.0
2023-02-06,974297.8920899996,1062880.1070899996,-123,-50409.09,-38173.125,2,-682.9024999999965,-22690.83500000005,48208.46479500002,1822.5999999999997,3719.6014549999763,-0.025702107910000382,1000000.0
2023-02-07,972896.2537639996,1012276.7237639995,4,1660.76,-41041.229999999996,2,-763.7149999999965,-23341.835000000046,-4525.938117999976,1892.7999999999997,3835.143117999975,-0.027103746236000426,1000000.0
2023-02-08,972878.0937639995,1012276.7237639995,4,1642.6,-41041.229999999996,2,-763.7149999999965,-23341.835000000046,-4525.938117999976,1892.7999999999997,3835.143117999975,-0.027121906236000526,1000000.0
2023-02-09,972099.8130919996,972099.8130919996,0,0.0,0.0,0,0.0,-24869.265000000047,-2897.740953999976,1965.5999999999997,3950.4584539999746,-0.027900186908000335,1000000.0
2023-02-10,972099.8130919996,972099.8130919996,0,0.0,0.0,0,0.0,-24869.265000000047,-2897.740953999976,1965.5999999999997,3950.4584539999746,-0.027900186908000335,1000000.0
2023-02-13,972099.8130919996,972099.8130919996,0,0.0,0.0,0,0.0,-24869.265000000047,-2897.740953999976,1965.5999999999997,3950.4584539999746,-0.027900186908000335,1000000.0
2023-02-14,971814.9635839997,922629.9585839997,161,66435.04,-17250.035,1,-271.5625,-24869.265000000047,-69339.42445799998,1994.1999999999996,3997.5957079999766,-0.028185036416000342,1000000.0
2023-02-15,972030.7035839997,922629.9585839997,161,66650.78,-17250.035,1,-271.5625,-24869.265000000047,-69339.42445799998,1994.1999999999996,3997.5957079999766,-0.027969296416000322,1000000.0
2023-02-16,970828.2944679996,970828.2944679996,0,0.0,0.0,0,0.0,-25412.390000000043,-3612.917765999984,2022.7999999999995,4044.662765999973,-0.029171705532000436,1000000.0
2023-02-17,970828.2944679996,970828.2944679996,0,0.0,0.0,0,0.0,-25412.390000000043,-3612.917765999984,2022.7999999999995,4044.662765999973,-0.029171705532000436,1000000.0
2023-02-21,970753.2069679997,959477.7819679996,0,0.0,11275.425,1,-75.08749999999964,-25412.390000000043,-3612.917765999984,2029.2999999999995,4056.094015999973,-0.029246793032000284,1000000.0
2023-02-22,970753.2069679997,959477.7819679996,0,0.0,11275.425,1,-75.08749999999964,-25412.390000000043,-3612.917765999984,2029.2999999999995,4056.094015999973,-0.029246793032000284,1000000.0
2023-02-23,970753.2069679997,959477.7819679996,0,0.0,11275.425,1,-75.08749999999964,-25412.390000000043,-3612.917765999984,2029.2999999999995,4056.094015999973,-0.029246793032000284,1000000.0
2023-02-24,970753.2069679997,959477.7819679996,0,0.0,11275.425,1,-75.08749999999964,-25412.390000000043,-3612.917765999984,2029.2999999999995,4056.094015999973,-0.029246793032000284,1000000.0
2023-02-27,970676.0728339995,980538.7678339996,-79,-31420.670000000002,21557.975,2,-145.93749999999818,-25412.390000000043,27804.61016700002,2035.7999999999995,4069.9610829999706,-0.02932392716600052,1000000.0
2023-02-28,970792.2028339995,980538.7678339996,-79,-31304.54,21557.975,2,-145.93749999999818,-25412.390000000043,27804.61016700002,2035.7999999999995,4069.9610829999706,-0.029207797166000415,1000000.0
2023-03-01,970912.2828339996,980538.7678339996,-79,-31184.46,21557.975,2,-145.93749999999818,-25412.390000000043,27804.61016700002,2035.7999999999995,4069.9610829999706,-0.02908771716600045,1000000.0
2023-03-02,970517.5299359995,970517.5299359995,0,0.0,0.0,0,0.0,-25704.265000000043,-3625.522531999981,2048.7999999999993,4095.260031999971,-0.02948247006400051,1000000.0
2023-03-03,970517.5299359995,970517.5299359995,0,0.0,0.0,0,0.0,-25704.265000000043,-3625.522531999981,2048.7999999999993,4095.260031999971,-0.02948247006400051,1000000.0
2023-03-06,970080.6423239997,952499.0623239996,98,39638.060000000005,-22056.48,1,-428.9599999999991,-25704.265000000043,-43267.54633799998,2090.399999999999,4163.7838379999685,-0.02991935767600029,1000000.0
2023-03-07,969036.2762319996,969036.2762319996,0,0.0,0.0,0,0.0,-26562.18500000004,-4240.989383999979,2131.999999999999,4232.246883999969,-0.030963723768000384,1000000.0
2023-03-08,969036.2762319996,969036.2762319996,0,0.0,0.0,0,0.0,-26562.18500000004,-4240.989383999979,2131.999999999999,4232.246883999969,-0.030963723768000384,1000000.0
2023-03-09,969036.2762319996,969036.2762319996,0,0.0,0.0,0,0.0,-26562.18500000004,-4240.989383999979,2131.999999999999,4232.246883999969,-0.030963723768000384,1000000.0
2023-03-10,969036.2762319996,969036.2762319996,0,0.0,0.0,0,0.0,-26562.18500000004,-4240.989383999979,2131.999999999999,4232.246883999969,-0.030963723768000384,1000000.0
2023-03-13,968949.6012319996,956319.8512319996,0,0.0,12629.750000000002,1,-86.67499999999745,-26562.18500000004,-4240.989383999979,2138.499999999999,4245.609383999969,-0.03105039876800042,1000000.0
2023-03-14,968949.6012319996,956319.8512319996,0,0.0,12629.750000000002,1,-86.67499999999745,-26562.18500000004,-4240.989383999979,2138.499999999999,4245.609383999969,-0.03105039876800042,1000000.0
2023-03-15,968949.6012319996,956319.8512319996,0,0.0,12629.750000000002,1,-86.67499999999745,-26562.18500000004,-4240.989383999979,2138.499999999999,4245.609383999969,-0.03105039876800042,1000000.0
2023-03-16,968949.6012319996,956319.8512319996,0,0.0,12629.750000000002,1,-86.67499999999745,-26562.18500000004,-4240.989383999979,2138.499999999999,4245.609383999969,-0.03105039876800042,1000000.0
2023-03-17,968949.6012319996,956319.8512319996,0,0.0,12629.750000000002,1,-86.67499999999745,-26562.18500000004,-4240.989383999979,2138.499999999999,4245.609383999969,-0.03105039876800042,1000000.0
2023-03-20,968863.6426399995,975611.2276399995,-79,-31105.46,24357.875,2,-166.41249999999854,-26562.18500000004,26861.36007000002,2144.999999999999,4260.92617999997,-0.031136357360000533,1000000.0
2023-03-21,968455.2126399995,975611.2276399995,-79,-31513.890000000003,24357.875,2,-166.41249999999854,-26562.18500000004,26861.36007000002,2144.999999999999,4260.92617999997,-0.03154478736000055,1000000.0
2023-03-22,968992.4126399995,975611.2276399995,-79,-30976.690000000002,24357.875,2,-166.41249999999854,-26562.18500000004,26861.36007000002,2144.999999999999,4260.92617999997,-0.03100758736000042,1000000.0
2023-03-23,968908.6726399994,975611.2276399995,-79,-31060.43,24357.875,2,-166.41249999999854,-26562.18500000004,26861.36007000002,2144.999999999999,4260.92617999997,-0.03109132736000053,1000000.0
2023-03-24,968704.8526399995,975611.2276399995,-79,-31264.25,24357.875,2,-166.41249999999854,-26562.18500000004,26861.36007000002,2144.999999999999,4260.92617999997,-0.0312951473600005,1000000.0
2023-03-27,968646.3926399995,975611.2276399995,-79,-31322.71,24357.875,2,-166.41249999999854,-26562.18500000004,26861.36007000002,2144.999999999999,4260.92617999997,-0.03135360736000048,1000000.0
2023-03-28,968544.0396599994,968544.0396599994,0,0.0,0.0,0,0.0,-26895.01000000004,-4394.165169999982,2157.999999999999,4289.62016999997,-0.03145596034000053,1000000.0
2023-03-29,968544.0396599994,968544.0396599994,0,0.0,0.0,0,0.0,-26895.01000000004,-4394.165169999982,2157.999999999999,4289.62016999997,-0.03145596034000053,1000000.0
2023-03-30,968544.0396599994,968544.0396599994,0,0.0,0.0,0,0.0,-26895.01000000004,-4394.165169999982,2157.999999999999,4289.62016999997,-0.03145596034000053,1000000.0
2023-03-31,968544.0396599994,968544.0396599994,0,0.0,0.0,0,0.0,-26895.01000000004,-4394.165169999982,2157.999999999999,4289.62016999997,-0.03145596034000053,1000000.0
2023-04-03,968544.0396599994,968544.0396599994,0,0.0,0.0,0,0.0,-26895.01000000004,-4394.165169999982,2157.999999999999,4289.62016999997,-0.03145596034000053,1000000.0
2023-04-04,968544.0396599994,968544.0396599994,0,0.0,0.0,0,0.0,-26895.01000000004,-4394.165169999982,2157.999999999999,4289.62016999997,-0.03145596034000053,1000000.0
2023-04-05,968544.0396599994,968544.0396599994,0,0.0,0.0,0,0.0,-26895.01000000004,-4394.165169999982,2157.999999999999,4289.62016999997,-0.03145596034000053,1000000.0
2023-04-06,968544.0396599994,968544.0396599994,0,0.0,0.0,0,0.0,-26895.01000000004,-4394.165169999982,2157.999999999999,4289.62016999997,-0.03145596034000053,1000000.0
2023-04-10,968544.0396599994,968544.0396599994,0,0.0,0.0,0,0.0,-26895.01000000004,-4394.165169999982,2157.999999999999,4289.62016999997,-0.03145596034000053,1000000.0
2023-04-11,968544.0396599994,968544.0396599994,0,0.0,0.0,0,0.0,-26895.01000000004,-4394.165169999982,2157.999999999999,4289.62016999997,-0.03145596034000053,1000000.0
2023-04-12,968544.0396599994,968544.0396599994,0,0.0,0.0,0,0.0,-26895.01000000004,-4394.165169999982,2157.999999999999,4289.62016999997,-0.03145596034000053,1000000.0
2023-04-13,968544.0396599994,968544.0396599994,0,0.0,0.0,0,0.0,-26895.01000000004,-4394.165169999982,2157.999999999999,4289.62016999997,-0.03145596034000053,1000000.0
2023-04-14,968383.5827919994,948494.9627919995,79,32584.34,-12695.72,1,-153.9399999999987,-26895.01000000004,-36981.76360399998,2178.7999999999993,4315.06860399997,-0.03161641720800057,1000000.0
2023-04-17,968500.5027919995,948494.9627919995,79,32701.26,-12695.72,1,-153.9399999999987,-26895.01000000004,-36981.76360399998,2178.7999999999993,4315.06860399997,-0.03149949720800049,1000000.0
2023-04-18,968521.8327919994,948494.9627919995,79,32722.59,-12695.72,1,-153.9399999999987,-26895.01000000004,-36981.76360399998,2178.7999999999993,4315.06860399997,-0.03147816720800056,1000000.0
2023-04-19,968247.6304879994,936036.8904879994,147,60878.579999999994,-28667.84,2,-416.97999999999956,-26895.01000000004,-65146.099755999974,2209.999999999999,4356.524755999968,-0.031752369512000556,1000000.0
2023-04-20,967915.4104879994,936036.8904879994,147,60546.36,-28667.84,2,-416.97999999999956,-26895.01000000004,-65146.099755999974,2209.999999999999,4356.524755999968,-0.03208458951200055,1000000.0
2023-04-21,967962.4504879995,936036.8904879994,147,60593.4,-28667.84,2,-416.97999999999956,-26895.01000000004,-65146.099755999974,2209.999999999999,4356.524755999968,-0.03203754951200055,1000000.0
2023-04-24,968025.6604879994,936036.8904879994,147,60656.61,-28667.84,2,-416.97999999999956,-26895.01000000004,-65146.099755999974,2209.999999999999,4356.524755999968,-0.03197433951200057,1000000.0
2023-04-25,967062.8104879995,936036.8904879994,147,59693.759999999995,-28667.84,2,-416.97999999999956,-26895.01000000004,-65146.099755999974,2209.999999999999,4356.524755999968,-0.03293718951200053,1000000.0
2023-04-26,966381.1023039994,966381.1023039994,0,0.0,0.0,0,0.0,-27728.970000000038,-5711.123847999974,2261.999999999999,4423.298847999967,-0.03361889769600068,1000000.0
2023-04-27,966243.5409559994,950985.4959559994,64,26394.24,-11136.195,1,-132.28250000000116,-27728.970000000038,-32108.003271999976,2280.199999999999,4444.952021999968,-0.0337564590440006,1000000.0
2023-04-28,966468.8209559994,950985.4959559994,64,26619.52,-11136.195,1,-132.28250000000116,-27728.970000000038,-32108.003271999976,2280.199999999999,4444.952021999968,-0.0335311790440006,1000000.0
2023-05-01,966441.9409559994,950985.4959559994,64,26592.64,-11136.195,1,-132.28250000000116,-27728.970000000038,-32108.003271999976,2280.199999999999,4444.952021999968,-0.033558059044000554,1000000.0
2023-05-02,966143.0609559994,950985.4959559994,64,26293.76,-11136.195,1,-132.28250000000116,-27728.970000000038,-32108.003271999976,2280.199999999999,4444.952021999968,-0.033856939044000556,1000000.0
2023-05-03,965962.5809559994,950985.4959559994,64,26113.28,-11136.195,1,-132.28250000000116,-27728.970000000038,-32108.003271999976,2280.199999999999,4444.952021999968,-0.034037419044000594,1000000.0
2023-05-04,965640.1527919993,965640.1527919993,0,0.0,0.0,0,0.0,-27993.53500000004,-6182.276103999975,2298.3999999999987,4466.558603999966,-0.03435984720800067,1000000.0
2023-05-05,965640.1527919993,965640.1527919993,0,0.0,0.0,0,0.0,-27993.53500000004,-6182.276103999975,2298.3999999999987,4466.558603999966,-0.03435984720800067,1000000.0
2023-05-08,965444.8835719994,920967.1085719994,140,57783.6,-13305.824999999999,1,-183.71249999999782,-27993.53500000004,-63971.65446399998,2321.799999999999,4499.055713999965,-0.034555116428000576,1000000.0
2023-05-09,964996.2650319994,964996.2650319994,0,0.0,0.0,0,0.0,-28360.960000000036,-6447.207483999977,2345.199999999999,4531.527483999963,-0.03500373496800058,1000000.0
2023-05-10,964996.2650319994,964996.2650319994,0,0.0,0.0,0,0.0,-28360.960000000036,-6447.207483999977,2345.199999999999,4531.527483999963,-0.03500373496800058,1000000.0
2023-05-11,964996.2650319994,964996.2650319994,0,0.0,0.0,0,0.0,-28360.960000000036,-6447.207483999977,2345.199999999999,4531.527483999963,-0.03500373496800058,1000000.0
2023-05-12,964996.2650319994,964996.2650319994,0,0.0,0.0,0,0.0,-28360.960000000036,-6447.207483999977,2345.199999999999,4531.527483999963,-0.03500373496800058,1000000.0
2023-05-15,964996.2650319994,964996.2650319994,0,0.0,0.0,0,0.0,-28360.960000000036,-6447.207483999977,2345.199999999999,4531.527483999963,-0.03500373496800058,1000000.0
2023-05-16,964996.2650319994,964996.2650319994,0,0.0,0.0,0,0.0,-28360.960000000036,-6447.207483999977,2345.199999999999,4531.527483999963,-0.03500373496800058,1000000.0
2023-05-17,964690.5201739995,951916.5751739994,73,30311.79,-17537.845,1,-299.682499999999,-28360.960000000036,-36762.028662999975,2378.999999999999,4578.872412999962,-0.03530947982600052,1000000.0
2023-05-18,964982.5201739995,951916.5751739994,73,30603.79,-17537.845,1,-299.682499999999,-28360.960000000036,-36762.028662999975,2378.999999999999,4578.872412999962,-0.035017479826000564,1000000.0
2023-05-19,964632.1958219995,964632.1958219995,0,0.0,0.0,0,0.0,-28960.325000000037,-6205.824588999974,2412.7999999999993,4626.24208899996,-0.03536780417800056,1000000.0
2023-05-22,964632.1958219995,964632.1958219995,0,0.0,0.0,0,0.0,-28960.325000000037,-6205.824588999974,2412.7999999999993,4626.24208899996,-0.03536780417800056,1000000.0
2023-05-23,964632.1958219995,964632.1958219995,0,0.0,0.0,0,0.0,-28960.325000000037,-6205.824588999974,2412.7999999999993,4626.24208899996,-0.03536780417800056,1000000.0
2023-05-24,964577.4658219995,956430.2858219994,0,0.0,8147.18,1,-54.72999999999956,-28960.325000000037,-6205.824588999974,2417.999999999999,4634.49708899996,-0.035422534178000564,1000000.0
2023-05-25,964577.4658219995,956430.2858219994,0,0.0,8147.18,1,-54.72999999999956,-28960.325000000037,-6205.824588999974,2417.999999999999,4634.49708899996,-0.035422534178000564,1000000.0
2023-05-26,964522.7358219994,964522.7358219994,0,0.0,0.0,0,0.0,-29069.785000000036,-6205.824588999974,2423.199999999999,4642.7520889999605,-0.03547726417800068,1000000.0
2023-05-30,964522.7358219994,964522.7358219994,0,0.0,0.0,0,0.0,-29069.785000000036,-6205.824588999974,2423.199999999999,4642.7520889999605,-0.03547726417800068,1000000.0
2023-05-31,964522.7358219994,964522.7358219994,0,0.0,0.0,0,0.0,-29069.785000000036,-6205.824588999974,2423.199999999999,4642.7520889999605,-0.03547726417800068,1000000.0
2023-06-01,964522.7358219994,964522.7358219994,0,0.0,0.0,0,0.0,-29069.785000000036,-6205.824588999974,2423.199999999999,4642.7520889999605,-0.03547726417800068,1000000.0
2023-06-02,964429.4113659994,947998.6213659993,59,25247.280000000002,-8816.49,1,-88.27499999999964,-29069.785000000036,-31455.629316999977,2438.799999999999,4657.389316999962,-0.035570588634000644,1000000.0
2023-06-05,964381.0313659994,947998.6213659993,59,25198.9,-8816.49,1,-88.27499999999964,-29069.785000000036,-31455.629316999977,2438.799999999999,4657.389316999962,-0.0356189686340006,1000000.0
2023-06-06,964435.9013659994,947998.6213659993,59,25253.769999999997,-8816.49,1,-88.27499999999964,-29069.785000000036,-31455.629316999977,2438.799999999999,4657.389316999962,-0.035564098634000674,1000000.0
2023-06-07,964190.3838659993,959064.0088659993,59,25166.45,-20040.074999999997,2,-246.47249999999622,-29069.785000000036,-31455.629316999977,2462.199999999999,4679.855566999962,-0.03580961613400069,1000000.0
2023-06-08,964342.6038659994,959064.0088659993,59,25318.67,-20040.074999999997,2,-246.47249999999622,-29069.785000000036,-31455.629316999977,2462.199999999999,4679.855566999962,-0.03565739613400065,1000000.0
2023-06-09,964388.0338659993,959064.0088659993,59,25364.1,-20040.074999999997,2,-246.47249999999622,-29069.785000000036,-31455.629316999977,2462.199999999999,4679.855566999962,-0.03561196613400064,1000000.0
2023-06-12,964482.7118059993,901298.3718059993,215,93267.0,-30082.659999999996,3,-368.35999999999876,-29069.785000000036,-99135.19659699997,2480.3999999999987,4703.904096999964,-0.035517288194000685,1000000.0
2023-06-13,964710.4754259993,964710.4754259993,0,0.0,0.0,0,0.0,-29806.505000000034,-5262.684786999962,2537.5999999999985,4765.152286999959,-0.0352895245740007,1000000.0
2023-06-14,964710.4754259993,964710.4754259993,0,0.0,0.0,0,0.0,-29806.505000000034,-5262.684786999962,2537.5999999999985,4765.152286999959,-0.0352895245740007,1000000.0
2023-06-15,964710.4754259993,964710.4754259993,0,0.0,0.0,0,0.0,-29806.505000000034,-5262.684786999962,2537.5999999999985,4765.152286999959,-0.0352895245740007,1000000.0
2023-06-16,964710.4754259993,964710.4754259993,0,0.0,0.0,0,0.0,-29806.505000000034,-5262.684786999962,2537.5999999999985,4765.152286999959,-0.0352895245740007,1000000.0
2023-06-20,964710.4754259993,964710.4754259993,0,0.0,0.0,0,0.0,-29806.505000000034,-5262.684786999962,2537.5999999999985,4765.152286999959,-0.0352895245740007,1000000.0
2023-06-21,964710.4754259993,964710.4754259993,0,0.0,0.0,0,0.0,-29806.505000000034,-5262.684786999962,2537.5999999999985,4765.152286999959,-0.0352895245740007,1000000.0
2023-06-22,964710.4754259993,964710.4754259993,0,0.0,0.0,0,0.0,-29806.505000000034,-5262.684786999962,2537.5999999999985,4765.152286999959,-0.0352895245740007,1000000.0
2023-06-23,964603.4979259992,973760.5129259992,0,0.0,-9157.015,1,-106.97749999999905,-29806.505000000034,-5262.684786999962,2555.7999999999984,4779.948536999959,-0.0353965020740008,1000000.0
2023-06-26,964603.4979259992,973760.5129259992,0,0.0,-9157.015,1,-106.97749999999905,-29806.505000000034,-5262.684786999962,2555.7999999999984,4779.948536999959,-0.0353965020740008,1000000.0
2023-06-27,964496.5204259992,964496.5204259992,0,0.0,0.0,0,0.0,-30020.460000000032,-5262.684786999962,2573.999999999998,4794.74478699996,-0.035503479574000796,1000000.0
2023-06-28,964496.5204259992,964496.5204259992,0,0.0,0.0,0,0.0,-30020.460000000032,-5262.684786999962,2573.999999999998,4794.74478699996,-0.035503479574000796,1000000.0
2023-06-29,964496.5204259992,964496.5204259992,0,0.0,0.0,0,0.0,-30020.460000000032,-5262.684786999962,2573.999999999998,4794.74478699996,-0.035503479574000796,1000000.0
2023-06-30,964496.5204259992,964496.5204259992,0,0.0,0.0,0,0.0,-30020.460000000032,-5262.684786999962,2573.999999999998,4794.74478699996,-0.035503479574000796,1000000.0
2023-07-03,964496.5204259992,964496.5204259992,0,0.0,0.0,0,0.0,-30020.460000000032,-5262.684786999962,2573.999999999998,4794.74478699996,-0.035503479574000796,1000000.0
2023-07-05,964496.5204259992,964496.5204259992,0,0.0,0.0,0,0.0,-30020.460000000032,-5262.684786999962,2573.999999999998,4794.74478699996,-0.035503479574000796,1000000.0
2023-07-06,964449.0804259992,957732.8004259992,0,0.0,6716.280000000001,1,-47.44000000000051,-30020.460000000032,-5262.684786999962,2579.199999999998,4801.78478699996,-0.035550919574000805,1000000.0
2023-07-07,964449.0804259992,957732.8004259992,0,0.0,6716.280000000001,1,-47.44000000000051,-30020.460000000032,-5262.684786999962,2579.199999999998,4801.78478699996,-0.035550919574000805,1000000.0
2023-07-10,964449.0804259992,957732.8004259992,0,0.0,6716.280000000001,1,-47.44000000000051,-30020.460000000032,-5262.684786999962,2579.199999999998,4801.78478699996,-0.035550919574000805,1000000.0
2023-07-11,964394.3331299992,990077.4531299992,-88,-38936.479999999996,13253.36,2,-94.39999999999964,-30020.460000000032,33669.90156500004,2584.399999999998,4812.638434999959,-0.035605666870000774,1000000.0
2023-07-12,963978.8031779992,963978.8031779992,0,0.0,0.0,0,0.0,-30209.26000000003,-5583.78341099996,2594.7999999999975,4830.563410999959,-0.03602119682200078,1000000.0
2023-07-13,963978.8031779992,963978.8031779992,0,0.0,0.0,0,0.0,-30209.26000000003,-5583.78341099996,2594.7999999999975,4830.563410999959,-0.03602119682200078,1000000.0
2023-07-14,963978.8031779992,963978.8031779992,0,0.0,0.0,0,0.0,-30209.26000000003,-5583.78341099996,2594.7999999999975,4830.563410999959,-0.03602119682200078,1000000.0
2023-07-17,963978.8031779992,963978.8031779992,0,0.0,0.0,0,0.0,-30209.26000000003,-5583.78341099996,2594.7999999999975,4830.563410999959,-0.03602119682200078,1000000.0
2023-07-18,963978.8031779992,963978.8031779992,0,0.0,0.0,0,0.0,-30209.26000000003,-5583.78341099996,2594.7999999999975,4830.563410999959,-0.03602119682200078,1000000.0
2023-07-19,963978.8031779992,963978.8031779992,0,0.0,0.0,0,0.0,-30209.26000000003,-5583.78341099996,2594.7999999999975,4830.563410999959,-0.03602119682200078,1000000.0
2023-07-20,963978.8031779992,963978.8031779992,0,0.0,0.0,0,0.0,-30209.26000000003,-5583.78341099996,2594.7999999999975,4830.563410999959,-0.03602119682200078,1000000.0
2023-07-21,963978.8031779992,963978.8031779992,0,0.0,0.0,0,0.0,-30209.26000000003,-5583.78341099996,2594.7999999999975,4830.563410999959,-0.03602119682200078,1000000.0
2023-07-24,963978.8031779992,963978.8031779992,0,0.0,0.0,0,0.0,-30209.26000000003,-5583.78341099996,2594.7999999999975,4830.563410999959,-0.03602119682200078,1000000.0
2023-07-25,963978.8031779992,963978.8031779992,0,0.0,0.0,0,0.0,-30209.26000000003,-5583.78341099996,2594.7999999999975,4830.563410999959,-0.03602119682200078,1000000.0
2023-07-26,963978.8031779992,963978.8031779992,0,0.0,0.0,0,0.0,-30209.26000000003,-5583.78341099996,2594.7999999999975,4830.563410999959,-0.03602119682200078,1000000.0
2023-07-27,963927.2872819991,980960.1472819991,-52,-23529.48,6496.62,1,-46.8100000000004,-30209.26000000003,17943.34364100004,2599.9999999999973,4839.85135899996,-0.03607271271800083,1000000.0
2023-07-28,963645.3653139991,963645.3653139991,0,0.0,0.0,0,0.0,-30302.880000000034,-5818.872342999959,2605.199999999997,4849.162342999959,-0.036354634686000864,1000000.0
2023-07-31,963645.3653139991,963645.3653139991,0,0.0,0.0,0,0.0,-30302.880000000034,-5818.872342999959,2605.199999999997,4849.162342999959,-0.036354634686000864,1000000.0
2023-08-01,963594.6753299991,981904.7953299991,-54,-24649.920000000002,6339.799999999999,1,-45.76000000000022,-30302.880000000034,18828.58266500004,2610.399999999997,4858.387334999958,-0.036405324670000905,1000000.0
2023-08-02,963937.5753299991,981904.7953299991,-54,-24307.02,6339.799999999999,1,-45.76000000000022,-30302.880000000034,18828.58266500004,2610.399999999997,4858.387334999958,-0.03606242467000087,1000000.0
2023-08-03,964007.2353299991,981904.7953299991,-54,-24237.359999999997,6339.799999999999,1,-45.76000000000022,-30302.880000000034,18828.58266500004,2610.399999999997,4858.387334999958,-0.0359927646700009,1000000.0
2023-08-04,964116.8553299991,981904.7953299991,-54,-24127.74,6339.799999999999,1,-45.76000000000022,-30302.880000000034,18828.58266500004,2610.399999999997,4858.387334999958,-0.035883144670000866,1000000.0
2023-08-07,963857.135329999,974821.395329999,-54,-24338.34,13374.079999999998,2,-94.88000000000011,-30302.880000000034,18828.58266500004,2615.5999999999967,4865.707334999957,-0.03614286467000094,1000000.0
2023-08-08,963962.975329999,974821.395329999,-54,-24232.5,13374.079999999998,2,-94.88000000000011,-30302.880000000034,18828.58266500004,2615.5999999999967,4865.707334999957,-0.03603702467000103,1000000.0
2023-08-09,964124.975329999,974821.395329999,-54,-24070.5,13374.079999999998,2,-94.88000000000011,-30302.880000000034,18828.58266500004,2615.5999999999967,4865.707334999957,-0.03587502467000103,1000000.0
2023-08-10,964116.335329999,974821.395329999,-54,-24079.140000000003,13374.079999999998,2,-94.88000000000011,-30302.880000000034,18828.58266500004,2615.5999999999967,4865.707334999957,-0.035883664670001036,1000000.0
2023-08-11,964130.375329999,974821.395329999,-54,-24065.1,13374.079999999998,2,-94.88000000000011,-30302.880000000034,18828.58266500004,2615.5999999999967,4865.707334999957,-0.03586962467000099,1000000.0
2023-08-14,963944.637081999,1005815.1170819991,-138,-61839.18,19968.7,3,-140.2499999999991,-30302.880000000034,56466.05854100005,2620.7999999999965,4876.1664589999555,-0.036055362918001044,1000000.0
2023-08-15,964664.9970819991,1005815.1170819991,-138,-61118.82,19968.7,3,-140.2499999999991,-30302.880000000034,56466.05854100005,2620.7999999999965,4876.1664589999555,-0.03533500291800096,1000000.0
2023-08-16,965062.9889699991,988363.8489699991,-84,-36929.76,13628.900000000001,2,-94.48999999999887,-30394.400000000034,32723.124485000048,2625.9999999999964,4885.300514999956,-0.03493701103000091,1000000.0
2023-08-17,965344.3889699992,988363.8489699991,-84,-36648.36,13628.900000000001,2,-94.48999999999887,-30394.400000000034,32723.124485000048,2625.9999999999964,4885.300514999956,-0.03465561103000081,1000000.0
2023-08-18,965326.7489699991,988363.8489699991,-84,-36666.0,13628.900000000001,2,-94.48999999999887,-30394.400000000034,32723.124485000048,2625.9999999999964,4885.300514999956,-0.03467325103000085,1000000.0
2023-08-21,965036.0089699992,980841.3489699991,-84,-36904.56,21099.22,3,-146.66999999999734,-30394.400000000034,32723.124485000048,2631.199999999996,4893.130514999956,-0.03496399103000081,1000000.0
2023-08-22,965086.8489699992,987826.5089699992,-84,-36804.6,14064.940000000002,2,-97.54999999999745,-30492.640000000036,32723.124485000048,2636.399999999996,4900.450514999956,-0.03491315103000081,1000000.0
2023-08-23,964676.9289699991,987826.5089699992,-84,-37214.52,14064.940000000002,2,-97.54999999999745,-30492.640000000036,32723.124485000048,2636.399999999996,4900.450514999956,-0.035323071030000874,1000000.0
2023-08-24,965192.6889699991,987826.5089699992,-84,-36698.76,14064.940000000002,2,-97.54999999999745,-30492.640000000036,32723.124485000048,2636.399999999996,4900.450514999956,-0.0348073110300009,1000000.0
2023-08-25,964933.9689699991,987826.5089699992,-84,-36957.48,14064.940000000002,2,-97.54999999999745,-30492.640000000036,32723.124485000048,2636.399999999996,4900.450514999956,-0.03506603103000083,1000000.0
2023-08-28,964653.3689699991,981167.3889699992,-84,-37191.84,20677.82,3,-143.78999999999724,-30492.640000000036,32723.124485000048,2641.599999999996,4907.290514999956,-0.03534663103000091,1000000.0
2023-08-29,964070.398969999,987716.6389699992,-84,-37729.44,14083.2,2,-98.41999999999825,-30583.380000000034,32723.124485000048,2646.7999999999956,4913.985514999956,-0.03592960103000098,1000000.0
2023-08-30,963914.9989699991,987716.6389699992,-84,-37884.84,14083.2,2,-98.41999999999825,-30583.380000000034,32723.124485000048,2646.7999999999956,4913.985514999956,-0.036085001030000896,1000000.0
2023-08-31,963864.4530899992,963864.4530899992,0,0.0,0.0,0,0.0,-30780.220000000034,-5110.058454999951,2657.1999999999953,4932.438454999954,-0.03613554691000087,1000000.0
2023-09-01,963864.4530899992,963864.4530899992,0,0.0,0.0,0,0.0,-30780.220000000034,-5110.058454999951,2657.1999999999953,4932.438454999954,-0.03613554691000087,1000000.0
2023-09-05,963864.4530899992,963864.4530899992,0,0.0,0.0,0,0.0,-30780.220000000034,-5110.058454999951,2657.1999999999953,4932.438454999954,-0.03613554691000087,1000000.0
2023-09-06,963864.4530899992,963864.4530899992,0,0.0,0.0,0,0.0,-30780.220000000034,-5110.058454999951,2657.1999999999953,4932.438454999954,-0.03613554691000087,1000000.0
2023-09-07,963864.4530899992,963864.4530899992,0,0.0,0.0,0,0.0,-30780.220000000034,-5110.058454999951,2657.1999999999953,4932.438454999954,-0.03613554691000087,1000000.0
2023-09-08,963864.4530899992,963864.4530899992,0,0.0,0.0,0,0.0,-30780.220000000034,-5110.058454999951,2657.1999999999953,4932.438454999954,-0.03613554691000087,1000000.0
2023-09-11,963864.4530899992,963864.4530899992,0,0.0,0.0,0,0.0,-30780.220000000034,-5110.058454999951,2657.1999999999953,4932.438454999954,-0.03613554691000087,1000000.0
2023-09-12,963771.2320119991,945558.7620119991,61,27205.39,-8992.92,1,-87.78000000000065,-30780.220000000034,-32318.168993999952,2672.799999999995,4947.188993999954,-0.0362287679880009,1000000.0
2023-09-13,963802.9520119991,945558.7620119991,61,27237.11,-8992.92,1,-87.78000000000065,-30780.220000000034,-32318.168993999952,2672.799999999995,4947.188993999954,-0.03619704798800094,1000000.0
2023-09-14,963944.5276199993,963944.5276199993,0,0.0,0.0,0,0.0,-30955.780000000035,-4848.95618999995,2688.399999999995,4961.966189999952,-0.03605547238000073,1000000.0
2023-09-15,963944.5276199993,963944.5276199993,0,0.0,0.0,0,0.0,-30955.780000000035,-4848.95618999995,2688.399999999995,4961.966189999952,-0.03605547238000073,1000000.0
2023-09-18,963944.5276199993,963944.5276199993,0,0.0,0.0,0,0.0,-30955.780000000035,-4848.95618999995,2688.399999999995,4961.966189999952,-0.03605547238000073,1000000.0
2023-09-19,963944.5276199993,963944.5276199993,0,0.0,0.0,0,0.0,-30955.780000000035,-4848.95618999995,2688.399999999995,4961.966189999952,-0.03605547238000073,1000000.0
2023-09-20,963897.8676199993,957326.0676199993,0,0.0,6571.8,1,-46.659999999999854,-30955.780000000035,-4848.95618999995,2693.599999999995,4968.876189999952,-0.03610213238000071,1000000.0
2023-09-21,963897.8676199993,957326.0676199993,0,0.0,6571.8,1,-46.659999999999854,-30955.780000000035,-4848.95618999995,2693.599999999995,4968.876189999952,-0.03610213238000071,1000000.0
2023-09-22,963897.8676199993,957326.0676199993,0,0.0,6571.8,1,-46.659999999999854,-30955.780000000035,-4848.95618999995,2693.599999999995,4968.876189999952,-0.03610213238000071,1000000.0
2023-09-25,963840.6690479992,985464.5490479992,-82,-35442.86,13818.98,2,-96.76999999999953,-30955.780000000035,30590.359524000054,2698.7999999999947,4979.905475999953,-0.03615933095200086,1000000.0
2023-09-26,964361.3690479991,985464.5490479992,-82,-34922.159999999996,13818.98,2,-96.76999999999953,-30955.780000000035,30590.359524000054,2698.7999999999947,4979.905475999953,-0.035638630952000816,1000000.0
2023-09-27,964347.4290479992,985464.5490479992,-82,-34936.1,13818.98,2,-96.76999999999953,-30955.780000000035,30590.359524000054,2698.7999999999947,4979.905475999953,-0.035652570952000806,1000000.0
2023-09-28,964144.8890479992,985464.5490479992,-82,-35138.64,13818.98,2,-96.76999999999953,-30955.780000000035,30590.359524000054,2698.7999999999947,4979.905475999953,-0.03585511095200078,1000000.0
2023-09-29,964230.1690479992,985464.5490479992,-82,-35053.36,13818.98,2,-96.76999999999953,-30955.780000000035,30590.359524000054,2698.7999999999947,4979.905475999953,-0.035769830952000814,1000000.0
2023-10-02,964192.1090479991,977946.3090479992,-82,-35039.42,21285.22,3,-148.77000000000044,-30955.780000000035,30590.359524000054,2703.9999999999945,4987.705475999953,-0.035807890952000876,1000000.0
2023-10-03,964661.1490479992,977946.3090479992,-82,-34570.38,21285.22,3,-148.77000000000044,-30955.780000000035,30590.359524000054,2703.9999999999945,4987.705475999953,-0.035338850952000844,1000000.0
2023-10-04,964409.4090479992,977946.3090479992,-82,-34822.12,21285.22,3,-148.77000000000044,-30955.780000000035,30590.359524000054,2703.9999999999945,4987.705475999953,-0.03559059095200079,1000000.0
2023-10-05,964375.8690479993,984471.4490479992,-82,-34809.0,14713.419999999998,2,-102.11000000000058,-31049.100000000035,30590.359524000054,2709.1999999999944,4994.615475999953,-0.03562413095200079,1000000.0
2023-10-06,963962.5890479992,984471.4490479992,-82,-35222.28,14713.419999999998,2,-102.11000000000058,-31049.100000000035,30590.359524000054,2709.1999999999944,4994.615475999953,-0.03603741095200075,1000000.0
2023-10-09,962308.0061479992,998438.6061479992,-132,-57062.280000000006,20931.68,3,-1526.8700000000008,-31049.100000000035,52202.69807400006,2714.399999999994,5004.686925999952,-0.03769199385200084,1000000.0
2023-10-10,963332.9961479991,1005635.6761479991,-132,-57359.280000000006,15056.599999999999,2,-104.66000000000076,-31149.320000000036,52202.69807400006,2719.599999999994,5012.171925999952,-0.036667003852000946,1000000.0
2023-10-11,963098.0361479991,1005635.6761479991,-132,-57594.24,15056.599999999999,2,-104.66000000000076,-31149.320000000036,52202.69807400006,2719.599999999994,5012.171925999952,-0.03690196385200084,1000000.0
2023-10-12,963449.1561479991,1005635.6761479991,-132,-57243.12,15056.599999999999,2,-104.66000000000076,-31149.320000000036,52202.69807400006,2719.599999999994,5012.171925999952,-0.036550843852000914,1000000.0
2023-10-13,963734.2761479991,1005635.6761479991,-132,-56958.0,15056.599999999999,2,-104.66000000000076,-31149.320000000036,52202.69807400006,2719.599999999994,5012.171925999952,-0.036265723852000886,1000000.0
2023-10-16,963084.8861479991,998150.5061479991,-132,-57557.280000000006,22491.66,3,-154.77000000000044,-31149.320000000036,52202.69807400006,2724.799999999994,5019.656925999951,-0.03691511385200086,1000000.0
2023-10-17,963035.5261479991,1005564.7461479991,-132,-57554.64,15025.42,2,-102.76999999999953,-31253.320000000036,52202.69807400006,2729.9999999999936,5027.456925999952,-0.036964473852000856,1000000.0
2023-10-18,963802.4461479991,1005564.7461479991,-132,-56787.719999999994,15025.42,2,-102.76999999999953,-31253.320000000036,52202.69807400006,2729.9999999999936,5027.456925999952,-0.03619755385200085,1000000.0
2023-10-19,964301.4061479991,1005564.7461479991,-132,-56288.76,15025.42,2,-102.76999999999953,-31253.320000000036,52202.69807400006,2729.9999999999936,5027.456925999952,-0.035698593852000915,1000000.0
2023-10-20,964993.0861479992,1005564.7461479991,-132,-55597.08,15025.42,2,-102.76999999999953,-31253.320000000036,52202.69807400006,2729.9999999999936,5027.456925999952,-0.03500691385200083,1000000.0
2023-10-23,965029.8261479991,997014.1661479991,-132,-55500.719999999994,23516.379999999997,3,-162.39000000000033,-31253.320000000036,52202.69807400006,2735.1999999999935,5036.526925999951,-0.03497017385200085,1000000.0
2023-10-24,964558.726147999,1004551.8661479991,-132,-55919.159999999996,15926.02,2,-109.73000000000047,-31358.640000000036,52202.69807400006,2740.3999999999933,5044.436925999951,-0.03544127385200091,1000000.0
2023-10-25,965361.2861479991,1004551.8661479991,-132,-55116.6,15926.02,2,-109.73000000000047,-31358.640000000036,52202.69807400006,2740.3999999999933,5044.436925999951,-0.0346387138520009,1000000.0
2023-10-26,966021.2861479991,1004551.8661479991,-132,-54456.6,15926.02,2,-109.73000000000047,-31358.640000000036,52202.69807400006,2740.3999999999933,5044.436925999951,-0.03397871385200091,1000000.0
2023-10-27,966268.1261479991,1004551.8661479991,-132,-54209.76,15926.02,2,-109.73000000000047,-31358.640000000036,52202.69807400006,2740.3999999999933,5044.436925999951,-0.03373187385200094,1000000.0
2023-10-30,966991.6361479991,996390.976147999,-132,-54857.88,25458.54,3,1261.8999999999996,-31358.640000000036,52202.69807400006,2745.599999999993,5053.041925999951,-0.0330083638520009,1000000.0
2023-10-31,965163.7786679991,979933.7586679991,-75,-31365.0,16595.02,2,-116.45000000000073,-31458.860000000037,28362.91433400006,2750.799999999993,5062.910665999949,-0.03483622133200093,1000000.0
2023-11-01,964706.488767999,964706.488767999,0,0.0,0.0,0,0.0,-31691.760000000035,-3339.7556159999403,2761.1999999999925,5083.755615999947,-0.035293511232000974,1000000.0
2023-11-02,964706.488767999,964706.488767999,0,0.0,0.0,0,0.0,-31691.760000000035,-3339.7556159999403,2761.1999999999925,5083.755615999947,-0.035293511232000974,1000000.0
2023-11-03,964706.488767999,964706.488767999,0,0.0,0.0,0,0.0,-31691.760000000035,-3339.7556159999403,2761.1999999999925,5083.755615999947,-0.035293511232000974,1000000.0
2023-11-06,964706.488767999,964706.488767999,0,0.0,0.0,0,0.0,-31691.760000000035,-3339.7556159999403,2761.1999999999925,5083.755615999947,-0.035293511232000974,1000000.0
2023-11-07,964706.488767999,964706.488767999,0,0.0,0.0,0,0.0,-31691.760000000035,-3339.7556159999403,2761.1999999999925,5083.755615999947,-0.035293511232000974,1000000.0
2023-11-08,964706.488767999,964706.488767999,0,0.0,0.0,0,0.0,-31691.760000000035,-3339.7556159999403,2761.1999999999925,5083.755615999947,-0.035293511232000974,1000000.0
2023-11-09,964499.020919999,951455.830919999,61,26464.239999999998,-13421.05,1,-202.17499999999927,-31691.760000000035,-29806.64203999994,2787.1999999999925,5115.764539999947,-0.03550097908000105,1000000.0
2023-11-10,964911.990919999,951455.830919999,61,26877.21,-13421.05,1,-202.17499999999927,-31691.760000000035,-29806.64203999994,2787.1999999999925,5115.764539999947,-0.03508800908000098,1000000.0
2023-11-13,964678.8256019991,964678.8256019991,0,0.0,0.0,0,0.0,-32096.110000000037,-2957.737198999941,2813.1999999999925,5147.812198999947,-0.035321174398000976,1000000.0
2023-11-14,964678.8256019991,964678.8256019991,0,0.0,0.0,0,0.0,-32096.110000000037,-2957.737198999941,2813.1999999999925,5147.812198999947,-0.035321174398000976,1000000.0
2023-11-15,964678.8256019991,964678.8256019991,0,0.0,0.0,0,0.0,-32096.110000000037,-2957.737198999941,2813.1999999999925,5147.812198999947,-0.035321174398000976,1000000.0
2023-11-16,964678.8256019991,964678.8256019991,0,0.0,0.0,0,0.0,-32096.110000000037,-2957.737198999941,2813.1999999999925,5147.812198999947,-0.035321174398000976,1000000.0
2023-11-17,964678.8256019991,964678.8256019991,0,0.0,0.0,0,0.0,-32096.110000000037,-2957.737198999941,2813.1999999999925,5147.812198999947,-0.035321174398000976,1000000.0
2023-11-20,964678.8256019991,964678.8256019991,0,0.0,0.0,0,0.0,-32096.110000000037,-2957.737198999941,2813.1999999999925,5147.812198999947,-0.035321174398000976,1000000.0
2023-11-21,964678.8256019991,964678.8256019991,0,0.0,0.0,0,0.0,-32096.110000000037,-2957.737198999941,2813.1999999999925,5147.812198999947,-0.035321174398000976,1000000.0
2023-11-22,964678.8256019991,964678.8256019991,0,0.0,0.0,0,0.0,-32096.110000000037,-2957.737198999941,2813.1999999999925,5147.812198999947,-0.035321174398000976,1000000.0
2023-11-24,964678.8256019991,964678.8256019991,0,0.0,0.0,0,0.0,-32096.110000000037,-2957.737198999941,2813.1999999999925,5147.812198999947,-0.035321174398000976,1000000.0
2023-11-27,964678.8256019991,964678.8256019991,0,0.0,0.0,0,0.0,-32096.110000000037,-2957.737198999941,2813.1999999999925,5147.812198999947,-0.035321174398000976,1000000.0
2023-11-28,964678.8256019991,964678.8256019991,0,0.0,0.0,0,0.0,-32096.110000000037,-2957.737198999941,2813.1999999999925,5147.812198999947,-0.035321174398000976,1000000.0
2023-11-29,964618.313101999,971239.338101999,0,0.0,-6621.025000000001,1,-60.51250000000073,-32096.110000000037,-2957.737198999941,2826.1999999999925,5155.730948999947,-0.03538168689800103,1000000.0
2023-11-30,964618.313101999,971239.338101999,0,0.0,-6621.025000000001,1,-60.51250000000073,-32096.110000000037,-2957.737198999941,2826.1999999999925,5155.730948999947,-0.03538168689800103,1000000.0
2023-12-01,964618.313101999,971239.338101999,0,0.0,-6621.025000000001,1,-60.51250000000073,-32096.110000000037,-2957.737198999941,2826.1999999999925,5155.730948999947,-0.03538168689800103,1000000.0
2023-12-04,964618.313101999,971239.338101999,0,0.0,-6621.025000000001,1,-60.51250000000073,-32096.110000000037,-2957.737198999941,2826.1999999999925,5155.730948999947,-0.03538168689800103,1000000.0
2023-12-05,964618.313101999,971239.338101999,0,0.0,-6621.025000000001,1,-60.51250000000073,-32096.110000000037,-2957.737198999941,2826.1999999999925,5155.730948999947,-0.03538168689800103,1000000.0
2023-12-06,965418.163101999,971239.338101999,0,0.0,-5821.175,1,739.3374999999996,-32096.110000000037,-2957.737198999941,2826.1999999999925,5155.730948999947,-0.034581836898000984,1000000.0
2023-12-07,964618.313101999,971239.338101999,0,0.0,-6621.025000000001,1,-60.51250000000073,-32096.110000000037,-2957.737198999941,2826.1999999999925,5155.730948999947,-0.03538168689800103,1000000.0
2023-12-08,964618.313101999,971239.338101999,0,0.0,-6621.025000000001,1,-60.51250000000073,-32096.110000000037,-2957.737198999941,2826.1999999999925,5155.730948999947,-0.03538168689800103,1000000.0
2023-12-11,964618.313101999,971239.338101999,0,0.0,-6621.025000000001,1,-60.51250000000073,-32096.110000000037,-2957.737198999941,2826.1999999999925,5155.730948999947,-0.03538168689800103,1000000.0
2023-12-12,964618.313101999,971239.338101999,0,0.0,-6621.025000000001,1,-60.51250000000073,-32096.110000000037,-2957.737198999941,2826.1999999999925,5155.730948999947,-0.03538168689800103,1000000.0
2023-12-13,964618.313101999,971239.338101999,0,0.0,-6621.025000000001,1,-60.51250000000073,-32096.110000000037,-2957.737198999941,2826.1999999999925,5155.730948999947,-0.03538168689800103,1000000.0
2023-12-14,964557.800601999,964557.800601999,0,0.0,0.0,0,0.0,-32217.13500000004,-2957.737198999941,2839.1999999999925,5163.649698999947,-0.03544219939800097,1000000.0
2023-12-15,964557.800601999,964557.800601999,0,0.0,0.0,0,0.0,-32217.13500000004,-2957.737198999941,2839.1999999999925,5163.649698999947,-0.03544219939800097,1000000.0
2023-12-18,964557.800601999,964557.800601999,0,0.0,0.0,0,0.0,-32217.13500000004,-2957.737198999941,2839.1999999999925,5163.649698999947,-0.03544219939800097,1000000.0
2023-12-19,964557.800601999,964557.800601999,0,0.0,0.0,0,0.0,-32217.13500000004,-2957.737198999941,2839.1999999999925,5163.649698999947,-0.03544219939800097,1000000.0
2023-12-20,964557.800601999,964557.800601999,0,0.0,0.0,0,0.0,-32217.13500000004,-2957.737198999941,2839.1999999999925,5163.649698999947,-0.03544219939800097,1000000.0
2023-12-21,964557.800601999,964557.800601999,0,0.0,0.0,0,0.0,-32217.13500000004,-2957.737198999941,2839.1999999999925,5163.649698999947,-0.03544219939800097,1000000.0
2023-12-22,964557.800601999,964557.800601999,0,0.0,0.0,0,0.0,-32217.13500000004,-2957.737198999941,2839.1999999999925,5163.649698999947,-0.03544219939800097,1000000.0
2023-12-26,964557.800601999,964557.800601999,0,0.0,0.0,0,0.0,-32217.13500000004,-2957.737198999941,2839.1999999999925,5163.649698999947,-0.03544219939800097,1000000.0
2023-12-27,964557.800601999,964557.800601999,0,0.0,0.0,0,0.0,-32217.13500000004,-2957.737198999941,2839.1999999999925,5163.649698999947,-0.03544219939800097,1000000.0
2023-12-28,964557.800601999,964557.800601999,0,0.0,0.0,0,0.0,-32217.13500000004,-2957.737198999941,2839.1999999999925,5163.649698999947,-0.03544219939800097,1000000.0
2023-12-29,964557.800601999,964557.800601999,0,0.0,0.0,0,0.0,-32217.13500000004,-2957.737198999941,2839.1999999999925,5163.649698999947,-0.03544219939800097,1000000.0
