decision_date,model_name,forecast_realized_variance,implied_variance,variance_edge,variance_edge_zscore,trade_direction,structure_name,spot_at_entry,strike,expiration,days_to_expiration,entry_option_iv,exit_option_iv,subsequent_realized_variance,underlying_return,gross_option_pnl,hedge_pnl,commission,slippage,net_pnl,holding_days,exit_reason
2022-03-29,ensemble,0.025569246672058486,0.035637510841,-0.010068264168941517,1.462769028854568,short_vol,iron_butterfly,461.55,462.0,2022-05-03,35,0.189049,0.189049,0.048455696484998166,-0.05039540678149712,-608.4000000000087,,67.60000000000001,121.68000000000016,-797.6800000000076,14,exit
2022-04-04,ensemble,0.02513008021048193,0.034448102403999994,-0.009318022193518065,1.471667299385641,short_vol,iron_butterfly,456.8,457.0,2022-05-09,35,0.1871735,0.1871735,0.07263657757293111,-0.025744308231173352,-401.75,,52.0,80.34999999999998,-534.0999999999985,15,exit
2022-04-13,ensemble,0.025377861179215873,0.047691134689,-0.022313273509784126,0.9947028832032335,short_vol,iron_butterfly,443.31,443.0,2022-05-18,35,0.21687675,0.21687675,0.10251440629037835,-0.03338521576323572,-623.5499999999956,,62.400000000000006,124.70999999999978,-810.6599999999962,12,exit
2022-04-18,ensemble,0.0256304036421606,0.049142909123999996,-0.023512505481839398,0.9100823311484354,short_vol,iron_butterfly,437.97,438.0,2022-05-23,35,0.22185,0.22185,0.10580191615170031,-0.02159965294426569,-1097.7249999999985,,98.8,219.5450000000003,-1416.0699999999997,7,exit
2022-04-26,ensemble,0.027607080214257992,0.11242407820900001,-0.08481699799474202,-1.6720174272433677,long_vol,long_straddle,416.1,416.0,2022-05-31,35,0.335297,0.335297,0.10646796132363096,-0.05611631819274221,-69.92500000000109,,5.2,13.985000000000092,-89.1100000000024,15,exit
2022-05-02,ensemble,0.030483128884953446,0.10487882250000002,-0.07439569361504658,-1.1082794618402783,long_vol,long_straddle,414.48,414.0,2022-06-06,35,0.32385,0.32385,0.09438492636539997,-0.030785562632696384,-71.05000000000109,,5.2,14.2100000000001,-90.46000000000276,11,exit
2022-05-09,ensemble,0.0367088581530992,0.12087999168399999,-0.08417113353090079,-1.3868081214577552,long_vol,long_straddle,398.17,398.0,2022-06-13,35,0.347678,0.347678,0.06467626753247419,0.008915789738051627,-70.17500000000109,,5.2,14.034999999999975,-89.41000000000167,4,exit
2022-06-07,ensemble,0.03884496668521424,0.0576096004,-0.01876463371478576,0.9678076358736729,short_vol,iron_butterfly,415.74,416.0,2022-07-12,35,0.24205175,0.24205175,0.08353642782180466,-0.06239476595949389,-959.5999999999985,,83.2,191.91999999999928,-1234.719999999994,3,exit
2022-06-13,ensemble,0.043019655881494874,0.11573604,-0.07271638411850512,-1.653011026621482,long_vol,long_straddle,375.0,375.0,2022-07-18,35,0.3402,0.3402,0.04971662717311379,0.011199999999999877,-94.46250000000146,,7.800000000000001,18.89250000000007,-121.15500000000247,2,exit
2022-07-07,ensemble,0.04565799169305632,0.06801246726400001,-0.022354475570943687,1.101565789113651,short_vol,iron_butterfly,388.99,389.0,2022-08-11,35,0.261228,0.261228,0.036904596884323494,0.0,-829.8500000000022,,72.8,165.9699999999999,-1068.6200000000063,0,exit
2022-07-14,ensemble,0.044782150049498495,0.06965640562500001,-0.02487425557550152,0.9375867324177962,short_vol,iron_butterfly,377.91,378.0,2022-08-18,35,0.26412525,0.26412525,0.04273360250686925,0.09018020163530993,-1475.1000000000095,,114.4,295.0200000000007,-1884.520000000015,15,exit
2022-07-19,ensemble,0.045486641657611626,0.060124020804,-0.014637379146388373,1.4377635414402525,short_vol,iron_butterfly,392.27,392.0,2022-08-23,35,0.247194,0.247194,0.02993914492036411,0.056542687434675054,-1059.9750000000022,,93.60000000000001,211.99500000000012,-1365.5700000000033,15,exit
2022-07-25,ensemble,0.0449787250893616,0.054426557025,-0.009447831935638404,1.490906874246752,short_vol,iron_butterfly,395.57,396.0,2022-08-29,35,0.23386325000000002,0.23386325000000002,0.03484395336646287,0.03989180170387052,-597.4500000000007,,62.400000000000006,119.4899999999997,-779.3400000000001,15,exit
2022-08-01,ensemble,0.04602689181278576,0.052096693009,-0.006069801196214239,1.4317202447393111,short_vol,iron_butterfly,410.77,411.0,2022-09-06,36,0.22685775,0.22685775,0.03947529031943971,0.04608418336295261,-746.8999999999978,,72.8,149.3800000000001,-969.0799999999981,15,exit
2022-08-09,ensemble,0.045055171132426394,0.047489998084,-0.0024348269515736057,1.4237839870247644,short_vol,iron_butterfly,411.35,411.0,2022-09-13,35,0.21978925,0.21978925,0.04245789510821771,0.005639965965722693,-694.3999999999942,,72.8,138.88000000000008,-906.0799999999945,15,exit
2022-08-15,ensemble,0.045638786668358786,0.03976913408399999,0.0058696525843587935,1.6067227460782496,short_vol,iron_butterfly,428.86,429.0,2022-09-19,35,0.198267,0.198267,0.06180173096413383,-0.05491302522967867,-461.03749999999854,,57.2,92.20750000000034,-610.4449999999924,11,exit
2022-08-25,ensemble,0.045500189088881385,0.047304075024999996,-0.0018038859361186113,0.9097620136022934,short_vol,iron_butterfly,419.51,420.0,2022-09-29,35,0.21802025,0.21802025,0.0657057918703487,-0.03384901432623777,-457.0,,52.0,91.40000000000009,-600.4000000000015,1,exit
2022-09-20,ensemble,0.04942528878563679,0.07380784897599998,-0.024382560190363195,-0.9473030311882432,long_vol,long_straddle,384.09,384.0,2022-10-25,35,0.271676,0.271676,0.07817112724680866,-0.018224895206852554,-78.41249999999945,,7.800000000000001,15.682499999999955,-101.89499999999953,15,exit
2022-09-26,ensemble,0.051099263728942516,0.1042837849,-0.05318452117105748,-3.1539915706395982,long_vol,long_straddle,364.31,364.0,2022-10-31,35,0.32293,0.32293,0.08154496942850188,-0.01803409184485738,-91.64999999999964,,7.800000000000001,18.330000000000048,-117.78000000000065,15,exit
2022-10-03,ensemble,0.05102096888283936,0.09036997945599999,-0.039349010573160634,-1.5255566461700323,long_vol,long_straddle,366.61,367.0,2022-11-07,35,0.300616,0.300616,0.0690252142994696,0.012329178145713326,-86.99999999999818,,7.800000000000001,17.39999999999995,-112.199999999998,15,exit
2022-10-10,ensemble,0.05244565691820304,0.10531452848399998,-0.05286887156579694,-2.0924033299790485,long_vol,long_straddle,360.02,360.0,2022-11-14,35,0.324522,0.324522,0.05910899833011164,0.06916282428753973,-86.77499999999964,,7.800000000000001,17.355000000000054,-111.92999999999847,15,exit
2022-10-17,ensemble,0.054420700720585524,0.098291655225,-0.04387095450441447,-1.195545305673682,long_vol,long_straddle,366.82,367.0,2022-11-21,35,0.313515,0.313515,0.0786476366788253,0.04934300201733821,-87.75,,7.800000000000001,17.549999999999997,-113.09999999999854,8,exit
2022-11-04,ensemble,0.055353792256694,0.060404859075999996,-0.005051066819305998,1.0618813847308575,short_vol,iron_butterfly,376.35,376.0,2022-12-09,35,0.24600149999999998,0.24600149999999998,0.06886395486321763,0.052291749701075974,-671.450000000008,,67.60000000000001,134.29000000000022,-873.3400000000074,14,exit
2022-11-10,ensemble,0.05915891188149525,0.055261666084,0.003897245797495251,1.6919793018342375,short_vol,iron_butterfly,394.69,395.0,2022-12-15,35,0.23565275000000002,0.23565275000000002,0.031784028916785334,0.019356963693024865,-599.1000000000058,,62.400000000000006,119.82,-781.320000000007,15,exit
2022-11-17,ensemble,0.059525706578197696,0.057348275625,0.0021774309531976954,1.494599218181822,short_vol,iron_butterfly,394.24,394.0,2022-12-22,35,0.24140875,0.24140875,0.040769815275559694,0.03213778409090917,-965.1750000000065,,88.4,193.03500000000008,-1246.6100000000115,15,exit
2022-11-22,ensemble,0.05920253831200587,0.045299162896,0.013903375416005871,1.9367817385001398,short_vol,iron_butterfly,399.9,400.0,2022-12-27,35,0.21469925,0.21469925,0.043363450132459035,-0.01685421355338823,-641.3750000000036,,72.8,128.27500000000063,-842.450000000008,15,exit
2022-11-28,ensemble,0.06019947484629882,0.049301317521,0.010898157325298821,1.5382359207482943,short_vol,iron_butterfly,395.91,396.0,2023-01-03,36,0.2222095,0.2222095,0.04224317928029507,0.015306509055088346,-968.8500000000058,,93.60000000000001,193.77000000000044,-1256.2200000000084,15,exit
2022-12-05,ensemble,0.060630951274371146,0.042950490025,0.017680461249371143,1.5414423845002516,short_vol,iron_butterfly,399.59,400.0,2023-01-09,35,0.20906075,0.20906075,0.033095209590621705,-0.0476738657123551,-578.6624999999949,,67.60000000000001,115.73250000000039,-761.9949999999917,15,exit
2022-12-13,ensemble,0.059087458098246684,0.050841230400000006,0.008246227698246678,0.9917966720010526,short_vol,iron_butterfly,401.97,402.0,2023-01-17,35,0.22585775,0.22585775,0.03497669567559986,-0.05117297310744595,-502.42499999999563,,57.2,100.485,-660.1099999999933,14,exit
2022-12-20,ensemble,0.05850199704596966,0.046005531121000004,0.012496465924969655,1.0063319123172039,short_vol,iron_butterfly,380.54,381.0,2023-01-24,35,0.2164545,0.2164545,0.032495179239396856,0.008461659746675787,-679.6875000000036,,78.0,135.93750000000026,-893.6250000000036,15,exit
2023-01-12,ensemble,0.05821943263317746,0.035448228729,0.022771203904177466,1.2949352919518902,short_vol,iron_butterfly,396.96,397.0,2023-02-16,35,0.1884205,0.1884205,0.027432162712397512,0.021966948810963283,-627.8000000000065,,83.2,125.56000000000066,-836.5600000000013,15,exit
2023-01-17,ensemble,0.05832424837912331,0.037429093156,0.02089515522312331,1.1686877001585416,short_vol,iron_butterfly,397.77,398.0,2023-02-21,35,0.19516975,0.19516975,0.027340592486787208,0.03275762375241986,-459.90000000000146,,62.400000000000006,91.97999999999999,-614.2800000000061,15,exit
2023-01-23,ensemble,0.05689711290213892,0.039156890161,0.01774022274113892,0.9633292826706135,short_vol,iron_butterfly,400.63,401.0,2023-02-27,35,0.1996095,0.1996095,0.025198150879051546,0.0363427601527595,-490.49999999999636,,62.400000000000006,98.09999999999971,-650.9999999999964,15,exit
2023-01-30,ensemble,0.0571301866771881,0.039662714025,0.0174674726521881,0.802023497134316,short_vol,iron_butterfly,400.59,401.0,2023-03-06,35,0.200895,0.200895,0.02397505911221735,0.016226066551836116,-539.3374999999978,,67.60000000000001,107.86749999999995,-714.8049999999967,10,exit
2023-02-07,ensemble,0.05556401370422889,0.034857636804,0.02070637690022889,1.09932427592991,short_vol,iron_butterfly,415.19,415.0,2023-03-14,35,0.18684575,0.18684575,0.024544199938504666,-0.01950914039355478,-612.1875000000036,,78.0,122.43749999999926,-812.6250000000036,2,exit
2023-02-14,ensemble,0.05537344526988365,0.035683965603999994,0.019689479665883657,0.8902708944401633,short_vol,iron_butterfly,412.64,413.0,2023-03-21,35,0.1877565,0.1877565,0.03036912272752153,-0.010566110895696035,-404.93749999999636,,57.2,80.98749999999993,-543.1249999999964,2,exit
2023-02-21,ensemble,0.05455965580126411,0.052332052643999996,0.002227603157264113,-2.076897766531655,long_vol,long_straddle,399.09,399.0,2023-03-28,35,0.228762,0.228762,0.032531061505997834,-0.0032072965997643754,-114.3125,,13.0,22.862500000000008,-150.17499999999927,9,exit
2023-02-27,ensemble,0.05287334716054341,0.043818630240999995,0.009054716919543418,-0.844260586469573,long_vol,long_straddle,397.73,398.0,2023-04-03,35,0.209329,0.209329,0.03135092177527823,0.00020114147788707903,-107.25,,13.0,21.45000000000019,-141.70000000000073,3,exit
2023-03-06,ensemble,0.05586818381243112,0.0347300496,0.021138134212431117,1.1805121216178496,short_vol,iron_butterfly,404.47,404.0,2023-04-10,35,0.18636525,0.18636525,0.033048964168510636,-0.015328701757856056,-645.5999999999985,,83.2,129.12,-857.9199999999983,1,exit
2023-03-13,ensemble,0.051515042512222525,0.07048865700899999,-0.018973614496777466,-4.26913590242405,long_vol,long_straddle,385.36,385.0,2023-04-17,35,0.265497,0.265497,0.023910765246936385,0.02657255553248916,-133.625,,13.0,26.725000000000108,-173.34999999999854,15,exit
2023-03-20,ensemble,0.05113267943754194,0.058230033481,-0.007097354043458057,-1.9582098592249086,long_vol,long_straddle,393.74,394.0,2023-04-24,35,0.241309,0.241309,0.014894873286629006,0.004723929496622148,-122.0625,,13.0,24.412499999999724,-159.47499999999854,8,exit
2023-04-14,ensemble,0.04994954171637518,0.029216723041,0.020732818675375183,0.9053122722342103,short_vol,iron_butterfly,412.46,412.0,2023-05-19,35,0.17108525,0.17108525,0.01680891526471465,-0.01963826795325596,-221.90000000000146,,41.6,44.37999999999995,-307.880000000001,12,exit
2023-04-19,ensemble,0.04863320472633964,0.027115220889,0.02151798383733964,0.9536207500815718,short_vol,iron_butterfly,414.14,414.0,2023-05-24,35,0.164794,0.164794,0.020038985408126597,-0.023615202588496587,-386.3999999999978,,62.400000000000006,77.27999999999969,-526.0799999999981,7,exit
2023-04-27,ensemble,0.050149610727199284,0.029071273008999997,0.021078337718199287,0.9358367978086278,short_vol,iron_butterfly,412.41,412.0,2023-06-01,35,0.17079325,0.17079325,0.016777287729164852,-0.01765233626730689,-190.13750000000255,,36.4,38.02750000000012,-264.56500000000415,7,exit
2023-05-08,ensemble,0.04877086023141748,0.028788587583999995,0.019982272647417487,0.854908569234005,short_vol,iron_butterfly,412.74,413.0,2023-06-12,35,0.16864325,0.16864325,0.013315422708161408,-0.004385327324708088,-267.1874999999982,,46.800000000000004,53.43749999999978,-367.42499999999745,1,exit
2023-05-17,ensemble,0.04937877545669324,0.028497491343999995,0.020881284112693244,0.944228107862312,short_vol,iron_butterfly,415.23,415.0,2023-06-21,35,0.16894175,0.16894175,0.014755752020707997,0.008164149989162706,-443.1375000000007,,67.60000000000001,88.62750000000027,-599.3650000000016,2,exit
2023-05-24,ensemble,0.040946757129061186,0.040141324609,0.0008054325200611834,-1.116418092810412,long_vol,long_straddle,411.09,411.0,2023-06-28,35,0.200353,0.200353,0.01315172775270705,0.021722737113527568,-82.55000000000018,,10.4,16.51000000000007,-109.46000000000004,2,exit
2023-06-02,ensemble,0.04086762319380919,0.021306365089000003,0.019561258104809187,0.8413778421882391,short_vol,iron_butterfly,427.92,428.0,2023-07-07,35,0.14621275,0.14621275,0.009662564601835308,0.020424378388483877,-121.125,,31.200000000000003,24.225000000000136,-176.54999999999927,11,exit
2023-06-07,ensemble,0.039660287601696056,0.019383322175999997,0.02027696542569606,0.8827951027307402,short_vol,iron_butterfly,426.55,427.0,2023-07-12,35,0.13942825,0.13942825,0.010312674284393647,0.023701793459149023,-224.66250000000036,,46.800000000000004,44.9325,-316.3949999999986,6,exit
2023-06-12,ensemble,0.04408700418208283,0.022505100289000005,0.021581903893082822,0.9967409365971457,short_vol,iron_butterfly,433.8,434.0,2023-07-17,35,0.149156,0.149156,0.010863258695456048,0.006592899953895781,-172.81250000000182,,36.4,34.562500000000234,-243.77500000000327,1,exit
2023-06-23,ensemble,0.03934978406237413,0.018084332483999998,0.021265451578374134,0.9863607456610194,short_vol,iron_butterfly,433.21,433.0,2023-07-28,35,0.1355755,0.1355755,0.00813482438895463,0.006832713926271383,-147.96249999999782,,36.4,29.592500000000122,-213.9549999999981,4,exit
2023-07-06,ensemble,0.03458091272927749,0.023795222049000003,0.010785690680277488,-1.164212419797344,long_vol,long_straddle,439.66,440.0,2023-08-10,35,0.154257,0.154257,0.008395162949679139,0.014465723513624074,-70.40000000000146,,10.4,14.080000000000226,-94.88000000000102,6,exit
2023-07-11,ensemble,0.033618819377942796,0.022077502225,0.011541317152942796,-0.9526280076737249,long_vol,long_straddle,442.46,442.0,2023-08-15,35,0.148585,0.148585,0.009432352505356283,0.00804592505537216,-69.59999999999854,,10.4,13.9199999999998,-93.91999999999825,1,exit
2023-07-27,ensemble,0.03206208716543819,0.020818738369,0.011243348796438186,-0.9025162991984266,long_vol,long_straddle,452.49,452.0,2023-08-31,35,0.144287,0.144287,0.014022709631919159,0.009790271608212331,-69.35000000000036,,10.4,13.870000000000005,-93.6200000000008,1,exit
2023-08-01,ensemble,0.030966784005166607,0.019453554575999996,0.011513229429166612,-0.8317059117130083,long_vol,long_straddle,456.48,456.0,2023-09-05,35,0.139476,0.139476,0.01589547830779764,-0.03689099193831058,-67.59999999999945,,10.4,13.519999999999932,-91.51999999999953,15,exit
2023-08-07,ensemble,0.030765117702634126,0.024830826083999998,0.005934291618634128,-1.6850533715104465,long_vol,long_straddle,450.71,451.0,2023-09-11,35,0.157578,0.157578,0.013127374840272469,-0.027867142952230917,-73.20000000000073,,10.4,14.640000000000075,-98.23999999999978,15,exit
2023-08-14,ensemble,0.03008610401767882,0.021976283535999997,0.008109820481678822,-1.0411630302517079,long_vol,long_straddle,448.11,448.0,2023-09-18,35,0.148244,0.148244,0.013025916995205947,0.0023431746669344555,-66.95000000000073,,10.4,13.390000000000146,-90.73999999999978,15,exit
2023-08-21,ensemble,0.031789644732906366,0.029398188681,0.0023914560519063648,-1.7310992821307896,long_vol,long_straddle,439.34,439.0,2023-09-25,35,0.171459,0.171459,0.014418128641283558,0.025060317749351357,-78.29999999999927,,10.4,15.659999999999918,-104.35999999999876,10,exit
2023-08-28,ensemble,0.029069915069763468,0.022711092804,0.006358822265763467,-0.943385855276088,long_vol,long_straddle,442.76,443.0,2023-10-02,35,0.150702,0.150702,0.015684543473867014,0.017142469961152873,-68.39999999999964,,10.4,13.680000000000003,-92.47999999999956,3,exit
2023-09-12,ensemble,0.03629897761069689,0.020248151616,0.016050825994696892,0.959889489778674,short_vol,iron_butterfly,445.99,446.0,2023-10-17,35,0.1425305,0.1425305,0.017123342788239723,0.009798425973676528,-120.29999999999927,,31.200000000000003,24.060000000000013,-175.5600000000013,2,exit
2023-09-20,ensemble,0.02781142872056712,0.022876865001,0.004934563719567121,-1.0007788466478305,long_vol,long_straddle,438.64,439.0,2023-10-25,35,0.151251,0.151251,0.017363336307497076,-0.03223600218858291,-69.10000000000036,,10.4,13.820000000000121,-93.31999999999971,15,exit
2023-09-25,ensemble,0.026683145683817196,0.028597515664,-0.0019143699801828055,-2.0221493597839832,long_vol,long_straddle,432.23,432.0,2023-10-30,35,0.169108,0.169108,0.016305539305657767,0.005344376836406539,-74.85000000000036,,10.4,14.970000000000017,-100.21999999999935,15,exit
2023-10-02,ensemble,0.028320739235557606,0.031065120008999997,-0.002744380773442391,-1.5985833472044961,long_vol,long_straddle,427.31,427.0,2023-11-06,35,0.176253,0.176253,0.019863620179554856,0.020383328262853606,-78.0,,10.4,15.600000000000058,-104.0,15,exit
2023-10-09,ensemble,0.024197774874448037,0.031379642448999996,-0.00718186757455196,-1.772283205675017,long_vol,long_straddle,432.29,432.0,2023-11-13,35,0.177143,0.177143,0.02171517259436274,-0.02003284831941532,-79.10000000000036,,10.4,15.820000000000078,-105.31999999999971,15,exit
2023-10-16,ensemble,0.02569368555571744,0.029624950161,-0.003931264605282557,-1.096433726408234,long_vol,long_straddle,436.04,436.0,2023-11-20,35,0.172119,0.172119,0.027189397469014664,-0.04091367764425291,-74.85000000000036,,10.4,14.970000000000105,-100.21999999999935,15,exit
2023-10-23,ensemble,0.022887131553224183,0.041602945024000006,-0.018715813470775822,-2.292404759322079,long_vol,long_straddle,420.46,420.0,2023-11-27,35,0.203968,0.203968,0.02307759620878183,0.005232364553108715,-90.69999999999891,,10.4,18.14,-119.23999999999978,9,exit
2023-10-30,ensemble,0.022325291379829318,0.038913874756,-0.016588583376170682,-1.5955038683535718,long_vol,long_straddle,415.59,416.0,2023-12-04,35,0.197266,0.197266,0.01644804685340228,0.017011958901802293,-86.05000000000018,,10.4,17.210000000000036,-113.65999999999985,2,exit
2023-11-09,ensemble,0.03360412305669301,0.023357620223999998,0.010246502832693013,1.1970783077716958,short_vol,iron_butterfly,433.84,434.0,2023-12-14,35,0.15295025,0.15295025,0.01063734393487365,0.014636732435921118,-293.62500000000364,,52.0,58.72499999999997,-404.3500000000022,4,exit
2023-11-29,ensemble,0.023182639077295085,0.016813271556,0.006369367521295084,0.9533867382012323,short_vol,iron_butterfly,454.61,455.0,2023-12-29,30,0.12988425,0.12988425,0.009865947192437774,0.03827456501176818,-79.18750000000091,,26.0,15.837499999999988,-121.02500000000055,15,exit
