as_of_date,direction,implied_variance,forecast_variance,variance_edge,variance_risk_premium,zscore,regime,entry_threshold,approved,model_name
2022-01-03,flat,0.027515842641,0.01731758089180826,-0.01019826174919174,0.01019826174919174,,normal_vol__flat,0.75,True,ensemble
2022-01-04,flat,0.028530250281,0.018003965611801127,-0.010526284669198874,0.010526284669198874,,normal_vol__flat,0.75,True,ensemble
2022-01-05,flat,0.039003090064,0.017539066402457427,-0.02146402366154257,0.02146402366154257,,high_vol__flat,0.9375,True,ensemble
2022-01-06,flat,0.0384434449,0.017524013404682792,-0.020919431495317206,0.020919431495317206,,normal_vol__flat,0.75,True,ensemble
2022-01-07,flat,0.035209895449,0.017276077604579963,-0.01793381784442004,0.01793381784442004,,normal_vol__flat,0.75,True,ensemble
2022-01-10,flat,0.03754100002500001,0.01727321165912781,-0.020267788365872196,0.020267788365872196,,normal_vol__flat,0.75,True,ensemble
2022-01-11,flat,0.033849376324,0.01732902992458088,-0.01652034639941912,0.01652034639941912,,normal_vol__flat,0.75,True,ensemble
2022-01-12,flat,0.031049611681,0.01744591947832179,-0.013603692202678212,0.013603692202678212,,normal_vol__flat,0.75,True,ensemble
2022-01-13,flat,0.041149745316000005,0.017625530629139723,-0.023524214686860282,0.023524214686860282,,normal_vol__flat,0.75,True,ensemble
2022-01-14,flat,0.03677228112099999,0.018076160612321673,-0.01869612050867832,0.01869612050867832,,normal_vol__flat,0.75,True,ensemble
2022-01-18,flat,0.052072501636,0.017654463404988243,-0.03441803823101176,0.03441803823101176,,normal_vol__flat,0.75,True,ensemble
2022-01-19,flat,0.056806908964,0.01776909836866737,-0.03903781059533263,0.03903781059533263,,normal_vol__flat,0.75,True,ensemble
2022-01-20,flat,0.065396809984,0.01785999908558343,-0.047536810898416576,0.047536810898416576,,normal_vol__flat,0.75,True,ensemble
2022-01-21,flat,0.08322301825600001,0.018197730804424116,-0.06502528745157589,0.06502528745157589,,normal_vol__flat,0.75,True,ensemble
2022-01-24,flat,0.08932327690000001,0.020937661643546795,-0.06838561525645322,0.06838561525645322,,normal_vol__flat,0.75,True,ensemble
2022-01-25,flat,0.09734712002499998,0.018592995187864624,-0.07875412483713536,0.07875412483713536,,normal_vol__flat,0.75,True,ensemble
2022-01-26,flat,0.102359044096,0.0199060677334243,-0.0824529763625757,0.0824529763625757,,normal_vol__flat,0.75,True,ensemble
2022-01-27,flat,0.09308845081599999,0.019159733945936355,-0.07392871687006364,0.07392871687006364,,normal_vol__flat,0.75,True,ensemble
2022-01-28,flat,0.07648653984399999,0.019390978732491505,-0.057095561111508486,0.057095561111508486,,high_vol__flat,0.9375,True,ensemble
2022-01-31,flat,0.061623097599999996,0.018621246413373163,-0.04300185118662683,0.04300185118662683,,high_vol__flat,0.9375,True,ensemble
2022-02-01,flat,0.048211424041,0.01913173713302215,-0.029079686907977846,0.029079686907977846,,high_vol__flat,0.9375,True,ensemble
2022-02-02,flat,0.048886536609,0.0186582976279883,-0.030228238981011697,0.030228238981011697,,high_vol__flat,0.9375,True,ensemble
2022-02-03,flat,0.05916472464400001,0.019394915421966304,-0.0397698092220337,0.0397698092220337,,high_vol__flat,0.9375,True,ensemble
2022-02-04,flat,0.053830496196,0.019113207165820857,-0.03471728903017914,0.03471728903017914,,high_vol__flat,0.9375,True,ensemble
2022-02-07,flat,0.052331137599999994,0.01926775486687005,-0.03306338273312995,0.03306338273312995,,high_vol__flat,0.9375,True,ensemble
2022-02-08,flat,0.045952781956,0.019281951777246117,-0.026670830178753883,0.026670830178753883,,high_vol__flat,0.9375,True,ensemble
2022-02-09,flat,0.039744010881000005,0.019544028989799116,-0.02019998189120089,0.02019998189120089,,high_vol__flat,0.9375,True,ensemble
2022-02-10,flat,0.05726640441599999,0.01974664057632916,-0.03751976383967083,0.03751976383967083,,high_vol__flat,0.9375,True,ensemble
2022-02-11,flat,0.075044767249,0.02012957364856845,-0.05491519360043155,0.05491519360043155,,high_vol__flat,0.9375,True,ensemble
2022-02-14,flat,0.08026738922499999,0.020536060508164672,-0.059731328716835314,0.059731328716835314,,high_vol__flat,0.9375,True,ensemble
2022-02-15,flat,0.06608447076099999,0.020686330806593465,-0.04539813995440653,0.04539813995440653,,high_vol__flat,0.9375,True,ensemble
2022-02-16,flat,0.058873684321,0.020840155141085677,-0.03803352917991432,0.03803352917991432,,high_vol__flat,0.9375,True,ensemble
2022-02-17,flat,0.07904307331600001,0.021041967011425095,-0.05800110630457492,0.05800110630457492,,high_vol__flat,0.9375,True,ensemble
2022-02-18,flat,0.07710396097599999,0.021500030999172443,-0.055603929976827546,0.055603929976827546,,high_vol__flat,0.9375,True,ensemble
2022-02-22,flat,0.08280236451600001,0.023761200071479197,-0.059041164444520816,0.059041164444520816,,high_vol__flat,0.9375,True,ensemble
2022-02-23,flat,0.09619674433599999,0.02147976546458387,-0.07471697887141612,0.07471697887141612,,high_vol__flat,0.9375,True,ensemble
2022-02-24,flat,0.09208493702499998,0.0239215081324202,-0.06816342889257979,0.06816342889257979,,high_vol__flat,0.9375,True,ensemble
2022-02-25,flat,0.07601655552099999,0.022059542655118027,-0.05395701286588196,0.05395701286588196,,high_vol__flat,0.9375,True,ensemble
2022-02-28,flat,0.090717825636,0.022346903036254293,-0.06837092259974571,0.06837092259974571,,high_vol__flat,0.9375,True,ensemble
2022-03-01,flat,0.111009578761,0.022376124306178302,-0.0886334544548217,0.0886334544548217,,high_vol__flat,0.9375,True,ensemble
2022-03-02,flat,0.094437592249,0.023357482217658737,-0.07108011003134126,0.07108011003134126,,high_vol__flat,0.9375,True,ensemble
2022-03-03,flat,0.09275496624900001,0.0218985492375017,-0.07085641701149831,0.07085641701149831,,high_vol__flat,0.9375,True,ensemble
2022-03-04,flat,0.10236864240099999,0.02260835479931296,-0.07976028760168703,0.07976028760168703,,high_vol__flat,0.9375,True,ensemble
2022-03-07,flat,0.133187772601,0.02308596738596647,-0.11010180521503354,0.11010180521503354,,high_vol__flat,0.9375,True,ensemble
2022-03-08,flat,0.123589511809,0.023304200828958455,-0.10028531098004155,0.10028531098004155,,high_vol__flat,0.9375,True,ensemble
2022-03-09,flat,0.105543115876,0.02357270194960761,-0.0819704139263924,0.0819704139263924,,high_vol__flat,0.9375,True,ensemble
2022-03-10,flat,0.091632738681,0.023631075408586513,-0.06800166327241348,0.06800166327241348,,high_vol__flat,0.9375,True,ensemble
2022-03-11,flat,0.09459376872099998,0.02356624631079123,-0.07102752241020875,0.07102752241020875,,high_vol__flat,0.9375,True,ensemble
2022-03-14,flat,0.10093329,0.023896798173759233,-0.07703649182624075,0.07703649182624075,,high_vol__flat,0.9375,True,ensemble
2022-03-15,flat,0.089068224249,0.02518848995376691,-0.0638797342952331,0.0638797342952331,,high_vol__flat,0.9375,True,ensemble
2022-03-16,flat,0.070980149241,0.024784553583051462,-0.04619559565794854,0.04619559565794854,,high_vol__flat,0.9375,True,ensemble
2022-03-17,flat,0.065920049001,0.024999972099042873,-0.04092007690195713,0.04092007690195713,,high_vol__flat,0.9375,True,ensemble
2022-03-18,flat,0.056830268881,0.02493497678064266,-0.03189529210035734,0.03189529210035734,,high_vol__flat,0.9375,True,ensemble
2022-03-21,flat,0.055482860304,0.02497382233591351,-0.030509037968086492,0.030509037968086492,,high_vol__flat,0.9375,True,ensemble
2022-03-22,flat,0.052509264200999994,0.025037373287797295,-0.0274718909132027,0.0274718909132027,,high_vol__flat,0.9375,True,ensemble
2022-03-23,flat,0.055494638329,0.02604677096689903,-0.02944786736210097,0.02944786736210097,,high_vol__flat,0.9375,True,ensemble
2022-03-24,flat,0.047081622289,0.025047959183424777,-0.022033663105575224,0.022033663105575224,,high_vol__flat,0.9375,True,ensemble
2022-03-25,flat,0.043234469041,0.024994053675670418,-0.018240415365329582,0.018240415365329582,,high_vol__flat,0.9375,True,ensemble
2022-03-28,flat,0.03851563251600001,0.02509426890971669,-0.013421363606283317,0.013421363606283317,,high_vol__flat,0.9375,True,ensemble
2022-03-29,short_vol,0.035637510841,0.025569246672058486,-0.010068264168941517,0.010068264168941517,1.462769028854568,high_vol__flat,0.9375,True,ensemble
2022-03-30,short_vol,0.037306149904,0.0258305135498442,-0.011475636354155796,0.011475636354155796,1.4091985715863626,high_vol__flat,0.9375,True,ensemble
2022-03-31,short_vol,0.042190392409,0.025089937081484933,-0.017100455327515068,0.017100455327515068,1.1958613236593414,high_vol__flat,0.9375,True,ensemble
2022-04-01,short_vol,0.03851720256399999,0.024994812751825853,-0.01352238981217414,0.01352238981217414,1.3259383644386693,high_vol__flat,0.9375,True,ensemble
2022-04-04,short_vol,0.034448102403999994,0.02513008021048193,-0.009318022193518065,0.009318022193518065,1.471667299385641,high_vol__flat,0.9375,True,ensemble
2022-04-05,short_vol,0.044233240489,0.02532946169556941,-0.01890377879343059,0.01890377879343059,1.093967473638445,high_vol__flat,0.9375,True,ensemble
2022-04-06,flat,0.048715111224999996,0.025104287997521773,-0.023610823227478223,0.023610823227478223,0.9118635092065566,high_vol__flat,0.9375,True,ensemble
2022-04-07,short_vol,0.046382944689,0.02506274849461371,-0.021320196194386288,0.021320196194386288,1.0094870289701872,high_vol__flat,0.9375,True,ensemble
2022-04-08,short_vol,0.044671358736,0.02497438036092736,-0.01969697837507264,0.01969697837507264,1.0834945331789323,high_vol__flat,0.9375,True,ensemble
2022-04-11,flat,0.059363860609,0.02583991377610208,-0.033523946832897916,0.033523946832897916,0.5396942643560887,high_vol__flat,0.9375,True,ensemble
2022-04-12,flat,0.05894844084900001,0.025280864914789106,-0.0336675759342109,0.0336675759342109,0.5486739240427078,high_vol__flat,0.9375,True,ensemble
2022-04-13,short_vol,0.047691134689,0.025377861179215873,-0.022313273509784126,0.022313273509784126,0.9947028832032335,high_vol__flat,0.9375,True,ensemble
2022-04-14,short_vol,0.051469543161,0.025571297113262344,-0.025898246047737654,0.025898246047737654,0.8370436907944273,normal_vol__flat,0.75,True,ensemble
2022-04-18,short_vol,0.049142909123999996,0.0256304036421606,-0.023512505481839398,0.023512505481839398,0.9100823311484354,normal_vol__flat,0.75,True,ensemble
2022-04-19,short_vol,0.045677520729,0.025776015807431423,-0.019901504921568575,0.019901504921568575,1.0195257605016743,normal_vol__flat,0.75,True,ensemble
2022-04-20,short_vol,0.041225647681,0.02577502297960393,-0.015450624701396066,0.015450624701396066,1.1556688647890856,normal_vol__flat,0.75,True,ensemble
2022-04-21,flat,0.051455024569,0.02542946069242397,-0.026025563876576032,0.026025563876576032,0.7118118271626082,normal_vol__flat,0.75,True,ensemble
2022-04-22,flat,0.079598465424,0.026209743869359047,-0.053388721554640944,0.053388721554640944,-0.40734289411594815,high_vol__flat,0.9375,True,ensemble
2022-04-25,flat,0.07280768924099999,0.026540605788063425,-0.046267083452936564,0.046267083452936564,-0.13815048915585657,high_vol__flat,0.9375,True,ensemble
2022-04-26,long_vol,0.11242407820900001,0.027607080214257992,-0.08481699799474202,0.08481699799474202,-1.6720174272433677,high_vol__flat,0.9375,True,ensemble
2022-04-27,long_vol,0.100010900025,0.02749660465300626,-0.07251429537199375,0.07251429537199375,-1.1426816989570159,high_vol__flat,0.9375,True,ensemble
2022-04-28,flat,0.08984406760000001,0.02793049458555167,-0.06191357301444834,0.06191357301444834,-0.6971196252984524,high_vol__flat,0.9375,True,ensemble
2022-04-29,long_vol,0.11155600000000002,0.02960522241789341,-0.0819507775821066,0.0819507775821066,-1.4388271072915273,high_vol__flat,0.9375,True,ensemble
2022-05-02,long_vol,0.10487882250000002,0.030483128884953446,-0.07439569361504658,0.07439569361504658,-1.1082794618402783,high_vol__flat,0.9375,True,ensemble
2022-05-03,flat,0.08574355240000002,0.030636822729206127,-0.05510672967079389,0.05510672967079389,-0.3462068263285497,high_vol__flat,0.9375,True,ensemble
2022-05-04,flat,0.064639503049,0.031490536085058946,-0.033148966963941054,0.033148966963941054,0.5070775546359497,high_vol__flat,0.9375,True,ensemble
2022-05-05,flat,0.097236701584,0.03305754300174945,-0.06417915858225054,0.06417915858225054,-0.6751118667482306,high_vol__flat,0.9375,True,ensemble
2022-05-06,flat,0.09132484000000002,0.03283610584177484,-0.05848873415822518,0.05848873415822518,-0.4322611495113196,high_vol__flat,0.9375,True,ensemble
2022-05-09,long_vol,0.12087999168399999,0.0367088581530992,-0.08417113353090079,0.08417113353090079,-1.3868081214577552,high_vol__flat,0.9375,True,ensemble
2022-05-10,long_vol,0.10889274012099999,0.03507013218179899,-0.07382260793920101,0.07382260793920101,-0.9678881345254046,high_vol__flat,0.9375,True,ensemble
2022-05-11,flat,0.105853273201,0.03553680051432887,-0.07031647268667113,0.07031647268667113,-0.8232872675638746,high_vol__flat,0.9375,True,ensemble
2022-05-12,flat,0.10114371696100001,0.03436062476951733,-0.06678309219148268,0.06678309219148268,-0.6723877194633129,high_vol__flat,0.9375,True,ensemble
2022-05-13,flat,0.08320859468100002,0.03514055347693121,-0.04806804120406881,0.04806804120406881,0.045146212179396385,high_vol__flat,0.9375,True,ensemble
2022-05-16,flat,0.07550075107600002,0.03465982142210798,-0.040840929653892036,0.040840929653892036,0.3093234534046377,high_vol__flat,0.9375,True,ensemble
2022-05-17,flat,0.06824947251599998,0.03543278729949489,-0.0328166852165051,0.0328166852165051,0.5987353122297827,high_vol__flat,0.9375,True,ensemble
2022-05-18,flat,0.09576982408899999,0.03673962224604147,-0.05903020184295852,0.05903020184295852,-0.3963919067412821,high_vol__flat,0.9375,True,ensemble
2022-05-19,flat,0.08638661505600001,0.03703420332906507,-0.04935241172693494,0.04935241172693494,-0.045436337311628563,high_vol__flat,0.9375,True,ensemble
2022-05-20,flat,0.08641542122499998,0.03641800909571161,-0.04999741212928837,0.04999741212928837,-0.08213528205795874,high_vol__flat,0.9375,True,ensemble
2022-05-23,flat,0.08107174236100001,0.03755861469754898,-0.04351312766345103,0.04351312766345103,0.1607237011216121,high_vol__flat,0.9375,True,ensemble
2022-05-24,flat,0.08667194880100001,0.037438317877698434,-0.04923363092330158,0.04923363092330158,-0.07212612599181885,high_vol__flat,0.9375,True,ensemble
2022-05-25,flat,0.080665656289,0.0373698577542004,-0.043295798534799604,0.043295798534799604,0.13132520677771756,high_vol__flat,0.9375,True,ensemble
2022-05-26,flat,0.075763663504,0.03764666048056112,-0.038117003023438886,0.038117003023438886,0.3168265889491022,high_vol__flat,0.9375,True,ensemble
2022-05-27,flat,0.066251156449,0.03816958511144783,-0.028081571337552166,0.028081571337552166,0.6914518241965879,high_vol__flat,0.9375,True,ensemble
2022-05-31,flat,0.068563851409,0.038539291405331605,-0.03002456000366839,0.03002456000366839,0.5884425833301996,high_vol__flat,0.9375,True,ensemble
2022-06-01,flat,0.065839454464,0.038725036315163955,-0.027114418148836042,0.027114418148836042,0.6913147627116377,high_vol__flat,0.9375,True,ensemble
2022-06-02,flat,0.061244865529,0.038598719544377144,-0.022646145984622855,0.022646145984622855,0.8696373989851781,high_vol__flat,0.9375,True,ensemble
2022-06-03,flat,0.061289419489000005,0.03874078707890968,-0.022548632410090322,0.022548632410090322,0.8485432279066893,high_vol__flat,0.9375,True,ensemble
2022-06-06,flat,0.062773799209,0.03883187119274487,-0.02394192801625513,0.02394192801625513,0.7566117137008979,high_vol__flat,0.9375,True,ensemble
2022-06-07,short_vol,0.0576096004,0.03884496668521424,-0.01876463371478576,0.01876463371478576,0.9678076358736729,high_vol__flat,0.9375,True,ensemble
2022-06-08,short_vol,0.057481980515999995,0.03872721379835801,-0.018754766717641987,0.018754766717641987,0.9415329824405592,high_vol__flat,0.9375,True,ensemble
2022-06-09,flat,0.068247905049,0.03924227116259164,-0.02900563388640836,0.02900563388640836,0.4241215025506263,high_vol__flat,0.9375,True,ensemble
2022-06-10,flat,0.076911374241,0.04007143395155624,-0.03683994028944376,0.03683994028944376,0.034291700498298223,high_vol__flat,0.9375,True,ensemble
2022-06-13,long_vol,0.11573604,0.043019655881494874,-0.07271638411850512,0.07271638411850512,-1.653011026621482,high_vol__flat,0.9375,True,ensemble
2022-06-14,long_vol,0.106774711696,0.042695025084355964,-0.06407968661164404,0.06407968661164404,-1.2010289742959939,high_vol__flat,0.9375,True,ensemble
2022-06-15,flat,0.08784584654399999,0.04391791683270704,-0.04392792971129295,0.04392792971129295,-0.2404790932019446,high_vol__flat,0.9375,True,ensemble
2022-06-16,long_vol,0.108321949129,0.044611165657169896,-0.06371078347183011,0.06371078347183011,-1.135495893867154,high_vol__flat,0.9375,True,ensemble
2022-06-17,flat,0.09681867864900001,0.04362269996062848,-0.05319597868837153,0.05319597868837153,-0.6242127355165689,high_vol__flat,0.9375,True,ensemble
2022-06-21,flat,0.091184673024,0.04460061657315337,-0.046584056450846636,0.046584056450846636,-0.29783291767763287,high_vol__flat,0.9375,True,ensemble
2022-06-22,flat,0.084019979044,0.04454025379176978,-0.03947972525223023,0.03947972525223023,0.05283272600337695,high_vol__flat,0.9375,True,ensemble
2022-06-23,flat,0.084422208025,0.04434682432943455,-0.04007538369556545,0.04007538369556545,0.04632291534056621,high_vol__flat,0.9375,True,ensemble
2022-06-24,flat,0.07418378268900001,0.04525394023674132,-0.028929842452258693,0.028929842452258693,0.60712018860285,high_vol__flat,0.9375,True,ensemble
2022-06-27,flat,0.07244656728099999,0.04547034609935656,-0.02697622118164343,0.02697622118164343,0.7254188959161678,high_vol__flat,0.9375,True,ensemble
2022-06-28,flat,0.080251524369,0.04576642172989963,-0.03448510263910037,0.03448510263910037,0.37191632547104914,high_vol__flat,0.9375,True,ensemble
2022-06-29,flat,0.07946873760399999,0.04568493647110111,-0.033783801132898875,0.033783801132898875,0.43093077507518723,high_vol__flat,0.9375,True,ensemble
2022-06-30,flat,0.08255737958399999,0.04566297046140519,-0.0368944091225948,0.0368944091225948,0.3030280704475653,high_vol__flat,0.9375,True,ensemble
2022-07-01,flat,0.071396908804,0.045342889202563755,-0.026054019601436246,0.026054019601436246,0.8811330219726413,high_vol__flat,0.9375,True,ensemble
2022-07-05,flat,0.07582588322500002,0.04539109768866259,-0.030434785536337425,0.030434785536337425,0.6602026480214999,high_vol__flat,0.9375,True,ensemble
2022-07-06,flat,0.07156106508099999,0.0454284359538255,-0.02613262912717449,0.02613262912717449,0.8956560601634505,high_vol__flat,0.9375,True,ensemble
2022-07-07,short_vol,0.06801246726400001,0.04565799169305632,-0.022354475570943687,0.022354475570943687,1.101565789113651,high_vol__flat,0.9375,True,ensemble
2022-07-08,short_vol,0.060589330201000005,0.04500737789391496,-0.015581952307085048,0.015581952307085048,1.4237073850554989,high_vol__flat,0.9375,True,ensemble
2022-07-11,short_vol,0.068585324544,0.04502367324179797,-0.02356165130220203,0.02356165130220203,0.9903005974169977,high_vol__flat,0.9375,True,ensemble
2022-07-12,flat,0.07439474451599999,0.04487985400233916,-0.02951489051366083,0.02951489051366083,0.6905283851586453,high_vol__flat,0.9375,True,ensemble
2022-07-13,flat,0.07185401913600001,0.044759523001179476,-0.027094496134820532,0.027094496134820532,0.8189883322272266,high_vol__flat,0.9375,True,ensemble
2022-07-14,short_vol,0.06965640562500001,0.044782150049498495,-0.02487425557550152,0.02487425557550152,0.9375867324177962,high_vol__flat,0.9375,True,ensemble
2022-07-15,short_vol,0.058756790404,0.045655061910491596,-0.013101728493508408,0.013101728493508408,1.5363685899447916,high_vol__flat,0.9375,True,ensemble
2022-07-18,short_vol,0.06398876160000001,0.04548505217045028,-0.018503709429549736,0.018503709429549736,1.2625718246422095,high_vol__flat,0.9375,True,ensemble
2022-07-19,short_vol,0.060124020804,0.045486641657611626,-0.014637379146388373,0.014637379146388373,1.4377635414402525,high_vol__flat,0.9375,True,ensemble
2022-07-20,short_vol,0.05694570868900001,0.04506678704870429,-0.01187892164029572,0.01187892164029572,1.517581120434017,high_vol__flat,0.9375,True,ensemble
2022-07-21,short_vol,0.053339750116,0.045412876791188224,-0.007926873324811776,0.007926873324811776,1.6464528729236227,high_vol__flat,0.9375,True,ensemble
2022-07-22,short_vol,0.053067111769,0.044878012493126763,-0.00818909927587324,0.00818909927587324,1.6009748784580704,high_vol__flat,0.9375,True,ensemble
2022-07-25,short_vol,0.054426557025,0.0449787250893616,-0.009447831935638404,0.009447831935638404,1.490906874246752,high_vol__flat,0.9375,True,ensemble
2022-07-26,short_vol,0.060918631489,0.04486547925917875,-0.016053152229821253,0.016053152229821253,1.1182582087125497,normal_vol__flat,0.75,True,ensemble
2022-07-27,short_vol,0.054022775184,0.045519797843026316,-0.008502977340973682,0.008502977340973682,1.4767536580851826,high_vol__flat,0.9375,True,ensemble
2022-07-28,short_vol,0.04988343571599999,0.04553366326893794,-0.004349772447062049,0.004349772447062049,1.6488694278053915,high_vol__flat,0.9375,True,ensemble
2022-07-29,short_vol,0.045494330436000006,0.04550155943947373,7.229003473725737e-06,-7.229003473725737e-06,1.7945274664253588,high_vol__flat,0.9375,True,ensemble
2022-08-01,short_vol,0.052096693009,0.04602689181278576,-0.006069801196214239,0.006069801196214239,1.4317202447393111,high_vol__flat,0.9375,True,ensemble
2022-08-02,short_vol,0.057284592964,0.04569682340766829,-0.011587769556331708,0.011587769556331708,1.117888411208311,high_vol__flat,0.9375,True,ensemble
2022-08-03,short_vol,0.048305885796,0.04585069801300439,-0.0024551877829956104,0.0024551877829956104,1.5278918573068814,high_vol__flat,0.9375,True,ensemble
2022-08-04,short_vol,0.046012824036,0.045497906506075395,-0.0005149175299246078,0.0005149175299246078,1.6194656312246176,high_vol__flat,0.9375,True,ensemble
2022-08-05,short_vol,0.044854580521000005,0.04530892651700803,0.0004543459960080279,-0.0004543459960080279,1.6415072957254426,high_vol__flat,0.9375,True,ensemble
2022-08-08,short_vol,0.045323855236,0.04519664866643759,-0.0001272065695624089,0.0001272065695624089,1.5797341471484276,high_vol__flat,0.9375,True,ensemble
2022-08-09,short_vol,0.047489998084,0.045055171132426394,-0.0024348269515736057,0.0024348269515736057,1.4237839870247644,high_vol__flat,0.9375,True,ensemble
2022-08-10,short_vol,0.03896439123599999,0.04539322741042394,0.006428836174423948,-0.006428836174423948,1.8391958844220226,high_vol__flat,0.9375,True,ensemble
2022-08-11,short_vol,0.040801576036,0.045187560524515405,0.004385984488515404,-0.004385984488515404,1.652679989092352,high_vol__flat,0.9375,True,ensemble
2022-08-12,short_vol,0.038163576025,0.04534828715238494,0.007184711127384939,-0.007184711127384939,1.7248850461887373,high_vol__flat,0.9375,True,ensemble
2022-08-15,short_vol,0.03976913408399999,0.045638786668358786,0.0058696525843587935,-0.0058696525843587935,1.6067227460782496,high_vol__flat,0.9375,True,ensemble
2022-08-16,short_vol,0.038704660225,0.04577629160210451,0.007071631377104509,-0.007071631377104509,1.6092852448477255,high_vol__flat,0.9375,True,ensemble
2022-08-17,short_vol,0.039523030416000006,0.045125476725407926,0.00560244630940792,-0.00560244630940792,1.4798278107080505,normal_vol__flat,0.75,True,ensemble
2022-08-18,short_vol,0.038235891599999995,0.04521360426813337,0.006977712668133372,-0.006977712668133372,1.4950066597712806,normal_vol__flat,0.75,True,ensemble
2022-08-19,short_vol,0.04246979072399999,0.04529312719186112,0.0028233364678611275,-0.0028233364678611275,1.2378789866763602,normal_vol__flat,0.75,True,ensemble
2022-08-22,flat,0.056759250564000004,0.04545923524253699,-0.011300015321463013,0.011300015321463013,0.469640835351528,high_vol__flat,0.9375,True,ensemble
2022-08-23,flat,0.058247891716000005,0.04530036791227995,-0.012947523803720058,0.012947523803720058,0.3619249581941741,high_vol__flat,0.9375,True,ensemble
2022-08-24,flat,0.05197579232399999,0.04526762516285278,-0.006708167161147215,0.006708167161147215,0.676238946255959,high_vol__flat,0.9375,True,ensemble
2022-08-25,short_vol,0.047304075024999996,0.045500189088881385,-0.0018038859361186113,0.0018038859361186113,0.9097620136022934,normal_vol__flat,0.75,True,ensemble
2022-08-26,flat,0.06545154722499999,0.04644089243843668,-0.01901065478656331,0.01901065478656331,-0.01509036294344562,high_vol__flat,0.9375,True,ensemble
2022-08-29,flat,0.068544999721,0.04676289533488857,-0.021782104386111438,0.021782104386111438,-0.16392990149124498,high_vol__flat,0.9375,True,ensemble
2022-08-30,flat,0.068783454756,0.046719564923377865,-0.02206388983262214,0.02206388983262214,-0.17943138800181205,high_vol__flat,0.9375,True,ensemble
2022-08-31,flat,0.06699866328099999,0.046649512185002524,-0.020349151095997463,0.020349151095997463,-0.09106607903898878,high_vol__flat,0.9375,True,ensemble
2022-09-01,flat,0.06549760562500001,0.04644384285398571,-0.019053762771014303,0.019053762771014303,-0.02155309849720723,high_vol__flat,0.9375,True,ensemble
2022-09-02,flat,0.06496738276899999,0.04645546445213416,-0.018511918316865834,0.018511918316865834,0.007199005012228119,high_vol__flat,0.9375,True,ensemble
2022-09-06,flat,0.07230828560399999,0.04636585202238107,-0.02594243358161892,0.02594243358161892,-0.39330319022772087,high_vol__flat,0.9375,True,ensemble
2022-09-07,flat,0.060632660169000006,0.046636284288054414,-0.013996375880945593,0.013996375880945593,0.2276030646365054,high_vol__flat,0.9375,True,ensemble
2022-09-08,flat,0.055870304161,0.04669226000064365,-0.00917804416035635,0.00917804416035635,0.465740695701788,high_vol__flat,0.9375,True,ensemble
2022-09-09,flat,0.051815872161,0.0465449148947782,-0.005270957266221794,0.005270957266221794,0.6795464151705639,high_vol__flat,0.9375,True,ensemble
2022-09-12,flat,0.056967665041,0.046855338302184045,-0.010112326738815958,0.010112326738815958,0.3515430033309055,high_vol__flat,0.9375,True,ensemble
2022-09-13,flat,0.074410565089,0.049153166299615914,-0.025257398789384086,0.025257398789384086,-0.7154567268737053,high_vol__flat,0.9375,True,ensemble
2022-09-14,flat,0.06826828352400001,0.04868137579401915,-0.01958690772998086,0.01958690772998086,-0.3836833355347821,high_vol__flat,0.9375,True,ensemble
2022-09-15,flat,0.069062263209,0.049339232257184035,-0.019723030951815962,0.019723030951815962,-0.4487860365617372,high_vol__flat,0.9375,True,ensemble
2022-09-16,flat,0.06897976959999999,0.04973238383655132,-0.01924738576344867,0.01924738576344867,-0.45292612404936755,high_vol__flat,0.9375,True,ensemble
2022-09-19,flat,0.06617344656400001,0.049063108495114964,-0.017110338068885046,0.017110338068885046,-0.32424257274371965,high_vol__flat,0.9375,True,ensemble
2022-09-20,long_vol,0.07380784897599998,0.04942528878563679,-0.024382560190363195,0.024382560190363195,-0.9473030311882432,high_vol__flat,0.9375,True,ensemble
2022-09-21,long_vol,0.07853838100900001,0.04978829673707208,-0.028750084271927934,0.028750084271927934,-1.3096036530217328,high_vol__flat,0.9375,True,ensemble
2022-09-22,long_vol,0.07490785824900001,0.049042980250443964,-0.025864877998556045,0.025864877998556045,-1.0983307768641988,high_vol__flat,0.9375,True,ensemble
2022-09-23,long_vol,0.089491320801,0.049218277910977916,-0.040273042890022086,0.040273042890022086,-2.2806019499909667,high_vol__flat,0.9375,True,ensemble
2022-09-26,long_vol,0.1042837849,0.051099263728942516,-0.05318452117105748,0.05318452117105748,-3.1539915706395982,high_vol__flat,0.9375,True,ensemble
2022-09-27,long_vol,0.106542835281,0.04906930482526736,-0.05747353045573264,0.05747353045573264,-3.167524236488894,high_vol__flat,0.9375,True,ensemble
2022-09-28,long_vol,0.09080639828100001,0.04995190978502881,-0.0408544884959712,0.0408544884959712,-1.9070424493674523,high_vol__flat,0.9375,True,ensemble
2022-09-29,long_vol,0.101237876041,0.05019209072797307,-0.05104578531302693,0.05104578531302693,-2.4786229100764303,high_vol__flat,0.9375,True,ensemble
2022-09-30,long_vol,0.10010326488099999,0.050365680525114136,-0.04973758435588586,0.04973758435588586,-2.258222601995538,high_vol__flat,0.9375,True,ensemble
2022-10-03,long_vol,0.09036997945599999,0.05102096888283936,-0.039349010573160634,0.039349010573160634,-1.5255566461700323,high_vol__flat,0.9375,True,ensemble
2022-10-04,long_vol,0.084490211584,0.051511546043755616,-0.03297866554024438,0.03297866554024438,-1.1007163980294004,high_vol__flat,0.9375,True,ensemble
2022-10-05,flat,0.081557078724,0.05155473886613151,-0.030002339857868494,0.030002339857868494,-0.91174937402254,high_vol__flat,0.9375,True,ensemble
2022-10-06,long_vol,0.093266716816,0.05116836344292465,-0.04209835337307535,0.04209835337307535,-1.6288232798104383,high_vol__flat,0.9375,True,ensemble
2022-10-07,long_vol,0.098208277924,0.052118461501460746,-0.04608981642253925,0.04608981642253925,-1.8062759384533174,high_vol__flat,0.9375,True,ensemble
2022-10-10,long_vol,0.10531452848399998,0.05244565691820304,-0.05286887156579694,0.05286887156579694,-2.0924033299790485,high_vol__flat,0.9375,True,ensemble
2022-10-11,long_vol,0.112900704049,0.05232444438774565,-0.06057625966125435,0.06057625966125435,-2.3747955649092116,high_vol__flat,0.9375,True,ensemble
2022-10-12,long_vol,0.11236105120899999,0.05324402131535533,-0.05911702989364466,0.05911702989364466,-2.161251131304739,high_vol__flat,0.9375,True,ensemble
2022-10-13,long_vol,0.101996558161,0.05283145724865981,-0.04916510091234019,0.04916510091234019,-1.5689723306424315,high_vol__flat,0.9375,True,ensemble
2022-10-14,long_vol,0.102273958809,0.05303455513404279,-0.049239403674957216,0.049239403674957216,-1.510807824642878,high_vol__flat,0.9375,True,ensemble
2022-10-17,long_vol,0.098291655225,0.054420700720585524,-0.04387095450441447,0.04387095450441447,-1.195545305673682,high_vol__flat,0.9375,True,ensemble
2022-10-18,flat,0.09310309638400001,0.05417551788372449,-0.03892757850027552,0.03892757850027552,-0.9169413227993142,high_vol__flat,0.9375,True,ensemble
2022-10-19,long_vol,0.09492622620100001,0.05399226505705443,-0.04093396114394558,0.04093396114394558,-0.988893689936044,high_vol__flat,0.9375,True,ensemble
2022-10-20,flat,0.09012244161600001,0.053849549372803555,-0.03627289224319646,0.03627289224319646,-0.7327243818232069,high_vol__flat,0.9375,True,ensemble
2022-10-21,flat,0.088313574976,0.05444007381624556,-0.03387350115975443,0.03387350115975443,-0.5908294679873975,high_vol__flat,0.9375,True,ensemble
2022-10-24,flat,0.089028834129,0.05464019548148559,-0.034388638647514416,0.034388638647514416,-0.5923623117603688,high_vol__flat,0.9375,True,ensemble
2022-10-25,flat,0.08095675184099999,0.05481156055814963,-0.026145191282850352,0.026145191282850352,-0.16185385367406238,high_vol__flat,0.9375,True,ensemble
2022-10-26,flat,0.07442911548899998,0.054972486001433035,-0.019456629487566948,0.019456629487566948,0.18360645344364507,high_vol__flat,0.9375,True,ensemble
2022-10-27,flat,0.07501189768899999,0.0544082322942209,-0.02060366539477909,0.02060366539477909,0.14209418355135917,high_vol__flat,0.9375,True,ensemble
2022-10-28,flat,0.06631449025600002,0.054851582779726585,-0.011462907476273432,0.011462907476273432,0.624712852658938,high_vol__flat,0.9375,True,ensemble
2022-10-31,flat,0.067064942961,0.05510137513232075,-0.011963567828679252,0.011963567828679252,0.6157682801326522,high_vol__flat,0.9375,True,ensemble
2022-11-01,flat,0.066416505796,0.05500617358394952,-0.011410332212050484,0.011410332212050484,0.6606841149157855,high_vol__flat,0.9375,True,ensemble
2022-11-02,flat,0.066818114064,0.05549025128266537,-0.01132786278133463,0.01132786278133463,0.6777071584798614,high_vol__flat,0.9375,True,ensemble
2022-11-03,flat,0.064013048064,0.055365275415208415,-0.008647772648791588,0.008647772648791588,0.8473926818400547,high_vol__flat,0.9375,True,ensemble
2022-11-04,short_vol,0.060404859075999996,0.055353792256694,-0.005051066819305998,0.005051066819305998,1.0618813847308575,high_vol__flat,0.9375,True,ensemble
2022-11-07,short_vol,0.059273745444000006,0.05569896965221722,-0.0035747757917827874,0.0035747757917827874,1.169094580928032,high_vol__flat,0.9375,True,ensemble
2022-11-08,flat,0.06522916000000001,0.055757274788198766,-0.009471885211801243,0.009471885211801243,0.8729504351918466,high_vol__flat,0.9375,True,ensemble
2022-11-09,flat,0.068125698081,0.05577465746214921,-0.012351040618850784,0.012351040618850784,0.7465949630759107,high_vol__flat,0.9375,True,ensemble
2022-11-10,short_vol,0.055261666084,0.05915891188149525,0.003897245797495251,-0.003897245797495251,1.6919793018342375,high_vol__flat,0.9375,True,ensemble
2022-11-11,short_vol,0.05056561742400001,0.05878901819965855,0.008223400775658543,-0.008223400775658543,1.9369588733294072,high_vol__flat,0.9375,True,ensemble
2022-11-14,short_vol,0.05635211299600001,0.06008061926934665,0.0037285062733466434,-0.0037285062733466434,1.6737709709140554,high_vol__flat,0.9375,True,ensemble
2022-11-15,short_vol,0.060398960644,0.05989879070766169,-0.0005001699363383141,0.0005001699363383141,1.402861251554892,high_vol__flat,0.9375,True,ensemble
2022-11-16,short_vol,0.058287962041,0.05976992612531737,0.0014819640843173679,-0.0014819640843173679,1.479751871659645,high_vol__flat,0.9375,True,ensemble
2022-11-17,short_vol,0.057348275625,0.059525706578197696,0.0021774309531976954,-0.0021774309531976954,1.494599218181822,high_vol__flat,0.9375,True,ensemble
2022-11-18,short_vol,0.05346315084100001,0.059354048814093965,0.005890897973093959,-0.005890897973093959,1.6760534803822684,high_vol__flat,0.9375,True,ensemble
2022-11-21,short_vol,0.049872269041,0.05918161390848402,0.00930934486748402,-0.00930934486748402,1.7882505418436052,high_vol__flat,0.9375,True,ensemble
2022-11-22,short_vol,0.045299162896,0.05920253831200587,0.013903375416005871,-0.013903375416005871,1.9367817385001398,high_vol__flat,0.9375,True,ensemble
2022-11-23,short_vol,0.041516100024999995,0.06112455170709072,0.019608451682090723,-0.019608451682090723,2.1103460551720823,high_vol__flat,0.9375,True,ensemble
2022-11-25,short_vol,0.042107860803999995,0.05924150046666597,0.017133639662665977,-0.017133639662665977,1.8948773752177739,high_vol__flat,0.9375,True,ensemble
2022-11-28,short_vol,0.049301317521,0.06019947484629882,0.010898157325298821,-0.010898157325298821,1.5382359207482943,high_vol__flat,0.9375,True,ensemble
2022-11-29,short_vol,0.047984216809,0.058776126208426004,0.010791909399426002,-0.010791909399426002,1.481602289608625,high_vol__flat,0.9375,True,ensemble
2022-11-30,short_vol,0.042273827236000004,0.06009783428243635,0.017824007046436344,-0.017824007046436344,1.7280169286079357,high_vol__flat,0.9375,True,ensemble
2022-12-01,short_vol,0.039450698884,0.05916499474031829,0.019714295856318294,-0.019714295856318294,1.7418699157235942,high_vol__flat,0.9375,True,ensemble
2022-12-02,short_vol,0.036308921401,0.05919218422008021,0.022883262819080215,-0.022883262819080215,1.8080766311555967,high_vol__flat,0.9375,True,ensemble
2022-12-05,short_vol,0.042950490025,0.060630951274371146,0.017680461249371143,-0.017680461249371143,1.5414423845002516,high_vol__flat,0.9375,True,ensemble
2022-12-06,short_vol,0.049099912225,0.05881088942923654,0.00971097720423654,-0.00971097720423654,1.1795513821214092,high_vol__flat,0.9375,True,ensemble
2022-12-07,short_vol,0.051488601921,0.05876901459274493,0.0072804126717449305,-0.0072804126717449305,1.0465980840135762,high_vol__flat,0.9375,True,ensemble
2022-12-08,short_vol,0.049756655844000006,0.05879617472221681,0.009039518878216801,-0.009039518878216801,1.0881914917314977,high_vol__flat,0.9375,True,ensemble
2022-12-09,short_vol,0.052209965025,0.05859481719087806,0.006384852165878058,-0.006384852165878058,0.9546228309731107,high_vol__flat,0.9375,True,ensemble
2022-12-12,flat,0.062481001444,0.05843420137284787,-0.004046800071152129,0.004046800071152129,0.5209687441836202,normal_vol__flat,0.75,True,ensemble
2022-12-13,short_vol,0.050841230400000006,0.059087458098246684,0.008246227698246678,-0.008246227698246678,0.9917966720010526,normal_vol__flat,0.75,True,ensemble
2022-12-14,short_vol,0.044797415716,0.058181090696909354,0.013383674980909352,-0.013383674980909352,1.1596108580593765,normal_vol__flat,0.75,True,ensemble
2022-12-15,flat,0.0520022416,0.05918961798082277,0.007187376380822771,-0.007187376380822771,0.88641834222194,high_vol__flat,0.9375,True,ensemble
2022-12-16,flat,0.051252884881,0.05887296841433601,0.007620083533336007,-0.007620083533336007,0.8769269724473535,high_vol__flat,0.9375,True,ensemble
2022-12-19,flat,0.050271917796,0.05968283791820857,0.009410920122208566,-0.009410920122208566,0.9160005724722421,high_vol__flat,0.9375,True,ensemble
2022-12-20,short_vol,0.046005531121000004,0.05850199704596966,0.012496465924969655,-0.012496465924969655,1.0063319123172039,high_vol__flat,0.9375,True,ensemble
2022-12-21,short_vol,0.040337910649,0.058278357829807136,0.01794044718080714,-0.01794044718080714,1.1911740304162897,high_vol__flat,0.9375,True,ensemble
2022-12-22,flat,0.048182884036000004,0.05897322858361304,0.010790344547613039,-0.010790344547613039,0.8725770987319026,high_vol__flat,0.9375,True,ensemble
2022-12-23,short_vol,0.043531066880999995,0.057929166675940225,0.01439809979494023,-0.01439809979494023,0.9896850082769763,high_vol__flat,0.9375,True,ensemble
2022-12-27,flat,0.046990533529,0.05768841736591153,0.010697883836911531,-0.010697883836911531,0.8104432202055557,high_vol__flat,0.9375,True,ensemble
2022-12-28,flat,0.0489117456,0.05770528352706587,0.008793537927065873,-0.008793537927065873,0.7039814160484344,high_vol__flat,0.9375,True,ensemble
2022-12-29,flat,0.046093943025,0.057879514690885106,0.011785571665885106,-0.011785571665885106,0.8027620277663179,high_vol__flat,0.9375,True,ensemble
2022-12-30,flat,0.047085962048999994,0.05780670619650531,0.010720744147505318,-0.010720744147505318,0.7311497041673677,normal_vol__flat,0.75,True,ensemble
2023-01-03,flat,0.052381476899999994,0.05767152061741246,0.005290043717412464,-0.005290043717412464,0.47381771205044376,normal_vol__flat,0.75,True,ensemble
2023-01-04,flat,0.048371404225,0.05911770446043596,0.010746300235435963,-0.010746300235435963,0.6862505352814825,normal_vol__flat,0.75,True,ensemble
2023-01-05,flat,0.0505665169,0.05739475939389653,0.006828242493896533,-0.006828242493896533,0.4859116949649686,normal_vol__flat,0.75,True,ensemble
2023-01-06,flat,0.044669667904,0.0578730895428935,0.013203421638893494,-0.013203421638893494,0.7687679230579019,high_vol__flat,0.9375,True,ensemble
2023-01-09,flat,0.048226356025,0.05775066711781367,0.009524311092813667,-0.009524311092813667,0.569455312888688,high_vol__flat,0.9375,True,ensemble
2023-01-10,flat,0.042244636225,0.05795782144252354,0.01571318521752354,-0.01571318521752354,0.8833493879712695,high_vol__flat,0.9375,True,ensemble
2023-01-11,flat,0.044349411649,0.05761869361052911,0.013269281961529114,-0.013269281961529114,0.73513640335919,high_vol__flat,0.9375,True,ensemble
2023-01-12,short_vol,0.035448228729,0.05821943263317746,0.022771203904177466,-0.022771203904177466,1.2949352919518902,normal_vol__flat,0.75,True,ensemble
2023-01-13,short_vol,0.033773618176,0.05718858812384202,0.02341496994784202,-0.02341496994784202,1.3271936272967144,normal_vol__flat,0.75,True,ensemble
2023-01-17,short_vol,0.037429093156,0.05832424837912331,0.02089515522312331,-0.02089515522312331,1.1686877001585416,normal_vol__flat,0.75,True,ensemble
2023-01-18,short_vol,0.041496134436,0.05745699428832764,0.01596085985232764,-0.01596085985232764,0.8189501815374699,normal_vol__flat,0.75,True,ensemble
2023-01-19,short_vol,0.042013520783999996,0.05736636305156194,0.015352842267561943,-0.015352842267561943,0.7660927428258156,normal_vol__flat,0.75,True,ensemble
2023-01-20,short_vol,0.039373671183999995,0.05866615610316629,0.019292484919166297,-0.019292484919166297,1.0990730508175528,normal_vol__flat,0.75,True,ensemble
2023-01-23,short_vol,0.039156890161,0.05689711290213892,0.01774022274113892,-0.01774022274113892,0.9633292826706135,normal_vol__flat,0.75,True,ensemble
2023-01-24,short_vol,0.036908173225,0.05726931764846438,0.02036114442346438,-0.02036114442346438,1.196163452054309,normal_vol__flat,0.75,True,ensemble
2023-01-25,short_vol,0.036481,0.05644111686797745,0.019960116867977454,-0.019960116867977454,1.1586129425638234,normal_vol__flat,0.75,True,ensemble
2023-01-26,short_vol,0.035029239920999995,0.05648239026923916,0.021453150348239164,-0.021453150348239164,1.2862211997405337,normal_vol__flat,0.75,True,ensemble
2023-01-27,short_vol,0.034197255625,0.058711109999042284,0.024513854374042285,-0.024513854374042285,1.580403473875953,normal_vol__flat,0.75,True,ensemble
2023-01-30,short_vol,0.039662714025,0.0571301866771881,0.0174674726521881,-0.0174674726521881,0.802023497134316,normal_vol__flat,0.75,True,ensemble
2023-01-31,short_vol,0.037742775625,0.055962336689943104,0.0182195610649431,-0.0182195610649431,0.8714243478037359,normal_vol__flat,0.75,True,ensemble
2023-02-01,short_vol,0.031896531216,0.05610881752330251,0.02421228630730251,-0.02421228630730251,1.5532335386258136,normal_vol__flat,0.75,True,ensemble
2023-02-02,short_vol,0.035036726760999996,0.058118054021606094,0.023081327260606098,-0.023081327260606098,1.3849816939693294,normal_vol__flat,0.75,True,ensemble
2023-02-03,short_vol,0.033667479169,0.055623706075402006,0.021956226906402004,-0.021956226906402004,1.2170406637115445,normal_vol__flat,0.75,True,ensemble
2023-02-06,flat,0.037714805208999995,0.05529893604242647,0.017584130833426477,-0.017584130833426477,0.6524561039425928,normal_vol__flat,0.75,True,ensemble
2023-02-07,short_vol,0.034857636804,0.05556401370422889,0.02070637690022889,-0.02070637690022889,1.09932427592991,normal_vol__flat,0.75,True,ensemble
2023-02-08,flat,0.038454817801,0.05611610615150167,0.017661288350501674,-0.017661288350501674,0.6237901429067697,normal_vol__flat,0.75,True,ensemble
2023-02-09,flat,0.042913194025000004,0.056455946413898776,0.013542752388898772,-0.013542752388898772,-0.00633156957333862,normal_vol__flat,0.75,True,ensemble
2023-02-10,flat,0.042157944976000006,0.05646746100589105,0.014309516029891042,-0.014309516029891042,0.08417873297717818,normal_vol__flat,0.75,True,ensemble
2023-02-13,flat,0.04133089,0.05451683833743228,0.01318594833743228,-0.01318594833743228,-0.12872850047174453,normal_vol__flat,0.75,True,ensemble
2023-02-14,short_vol,0.035683965603999994,0.05537344526988365,0.019689479665883657,-0.019689479665883657,0.8902708944401633,normal_vol__flat,0.75,True,ensemble
2023-02-15,short_vol,0.033229279521,0.054078187167692165,0.020848907646692165,-0.020848907646692165,1.0572708166274452,normal_vol__flat,0.75,True,ensemble
2023-02-16,flat,0.040749881955999996,0.056080892770749416,0.01533101081474942,-0.01533101081474942,0.09831489545166906,normal_vol__flat,0.75,True,ensemble
2023-02-17,flat,0.040141324609,0.05400424867214706,0.013862924063147056,-0.013862924063147056,-0.16935580546283235,normal_vol__flat,0.75,True,ensemble
2023-02-21,long_vol,0.052332052643999996,0.05455965580126411,0.002227603157264113,-0.002227603157264113,-2.076897766531655,normal_vol__flat,0.75,True,ensemble
2023-02-22,long_vol,0.04954675328100001,0.05521277781126628,0.005666024530266274,-0.005666024530266274,-1.4448691939820726,normal_vol__flat,0.75,True,ensemble
2023-02-23,flat,0.044599104225000005,0.054574203877839164,0.009975099652839159,-0.009975099652839159,-0.7112556608024715,normal_vol__flat,0.75,True,ensemble
2023-02-24,long_vol,0.047066868601000005,0.055531254760320295,0.00846438615932029,-0.00846438615932029,-0.9486777467599427,normal_vol__flat,0.75,True,ensemble
2023-02-27,long_vol,0.043818630240999995,0.05287334716054341,0.009054716919543418,-0.009054716919543418,-0.844260586469573,normal_vol__flat,0.75,True,ensemble
2023-02-28,flat,0.042916508569000006,0.053689072501394305,0.0107725639323943,-0.0107725639323943,-0.5445844528652783,normal_vol__flat,0.75,True,ensemble
2023-03-01,flat,0.042286575768999995,0.053877503731723356,0.01159092796272336,-0.01159092796272336,-0.3909997869227255,normal_vol__flat,0.75,True,ensemble
2023-03-02,flat,0.038332940944,0.05240508745600671,0.014072146512006709,-0.014072146512006709,0.041993954791516915,normal_vol__flat,0.75,True,ensemble
2023-03-03,short_vol,0.034226480016000004,0.05271946485556391,0.01849298483956391,-0.01849298483956391,0.7793306714893579,normal_vol__flat,0.75,True,ensemble
2023-03-06,short_vol,0.0347300496,0.05586818381243112,0.021138134212431117,-0.021138134212431117,1.1805121216178496,normal_vol__flat,0.75,True,ensemble
2023-03-07,flat,0.038439131481000005,0.05220475304161095,0.013765621560610945,-0.013765621560610945,-0.061752809130864776,normal_vol__flat,0.75,True,ensemble
2023-03-08,flat,0.036501630916,0.054713873831561344,0.018212242915561346,-0.018212242915561346,0.6603953709133256,normal_vol__flat,0.75,True,ensemble
2023-03-09,long_vol,0.050983382024999996,0.05190362034189632,0.0009202383168963255,-0.0009202383168963255,-2.1736862360691225,normal_vol__flat,0.75,True,ensemble
2023-03-10,long_vol,0.06146978076100001,0.0525943635533591,-0.008875417207640908,0.008875417207640908,-3.6049071023372155,normal_vol__flat,0.75,True,ensemble
2023-03-13,long_vol,0.07048865700899999,0.051515042512222525,-0.018973614496777466,0.018973614496777466,-4.26913590242405,normal_vol__flat,0.75,True,ensemble
2023-03-14,long_vol,0.056218306816000006,0.05341157674939444,-0.0028067300666055686,0.0028067300666055686,-2.0414648133462148,normal_vol__flat,0.75,True,ensemble
2023-03-15,long_vol,0.06844816387600001,0.053180159723499404,-0.015268004152500611,0.015268004152500611,-3.2427357169853557,normal_vol__flat,0.75,True,ensemble
2023-03-16,long_vol,0.052889420528999996,0.0518643064955077,-0.0010251140334922929,0.0010251140334922929,-1.5645482564593827,normal_vol__flat,0.75,True,ensemble
2023-03-17,long_vol,0.06507192846399999,0.05155866988147591,-0.013513258582524085,0.013513258582524085,-2.735616701760057,normal_vol__flat,0.75,True,ensemble
2023-03-20,long_vol,0.058230033481,0.05113267943754194,-0.007097354043458057,0.007097354043458057,-1.9582098592249086,normal_vol__flat,0.75,True,ensemble
2023-03-21,flat,0.045685642564,0.0517500005917312,0.006064358027731205,-0.006064358027731205,-0.5999546431986601,normal_vol__flat,0.75,True,ensemble
2023-03-22,long_vol,0.04958415562500001,0.05203995346683815,0.0024557978418381435,-0.0024557978418381435,-0.945392185107429,normal_vol__flat,0.75,True,ensemble
2023-03-23,long_vol,0.051174131089,0.05207648151897583,0.0009023504299758289,-0.0009023504299758289,-1.0693369037517855,normal_vol__flat,0.75,True,ensemble
2023-03-24,long_vol,0.047191045225000006,0.05107160626659216,0.003880561041592151,-0.003880561041592151,-0.756648401136691,normal_vol__flat,0.75,True,ensemble
2023-03-27,flat,0.042562165635999995,0.051021710372526216,0.008459544736526221,-0.008459544736526221,-0.30067939425186385,normal_vol__flat,0.75,True,ensemble
2023-03-28,flat,0.039783493764,0.05128899284734199,0.011505499083341988,-0.011505499083341988,0.002648027595713373,normal_vol__flat,0.75,True,ensemble
2023-03-29,flat,0.03663395999999999,0.05087092007384626,0.01423696007384627,-0.01423696007384627,0.2682624346465194,normal_vol__flat,0.75,True,ensemble
2023-03-30,flat,0.0361114009,0.0515990198243514,0.015487618924351403,-0.015487618924351403,0.37645071745147074,normal_vol__flat,0.75,True,ensemble
2023-03-31,flat,0.035049081796,0.0506377786159139,0.0155886968199139,-0.0155886968199139,0.37804279028786203,high_vol__flat,0.9375,True,ensemble
2023-04-03,flat,0.034400233729,0.05077146959552388,0.01637123586652388,-0.01637123586652388,0.44025025276392504,normal_vol__flat,0.75,True,ensemble
2023-04-04,flat,0.036030113856,0.051014544816374754,0.014984430960374752,-0.014984430960374752,0.2991007198592321,normal_vol__flat,0.75,True,ensemble
2023-04-05,flat,0.036318830625,0.05057800568408635,0.014259175059086353,-0.014259175059086353,0.21914796076449655,normal_vol__flat,0.75,True,ensemble
2023-04-06,flat,0.033893914608999993,0.050110894765350245,0.01621698015635025,-0.01621698015635025,0.41289889397279617,normal_vol__flat,0.75,True,ensemble
2023-04-10,flat,0.03590380728900001,0.04977080990625547,0.013867002617255465,-0.013867002617255465,0.17823122314574044,normal_vol__flat,0.75,True,ensemble
2023-04-11,flat,0.036421050649,0.05084385328714299,0.014422802638142988,-0.014422802638142988,0.2496283912339663,normal_vol__flat,0.75,True,ensemble
2023-04-12,flat,0.036453501183999995,0.049450233983106086,0.01299673279910609,-0.01299673279910609,0.12538329698405276,normal_vol__flat,0.75,True,ensemble
2023-04-13,flat,0.031770567049000005,0.05000293395232136,0.018232366903321355,-0.018232366903321355,0.6636961701631153,normal_vol__flat,0.75,True,ensemble
2023-04-14,short_vol,0.029216723041,0.04994954171637518,0.020732818675375183,-0.020732818675375183,0.9053122722342103,normal_vol__flat,0.75,True,ensemble
2023-04-17,short_vol,0.028720419841000003,0.048970842694425344,0.02025042285342534,-0.02025042285342534,0.8438955116644425,normal_vol__flat,0.75,True,ensemble
2023-04-18,short_vol,0.028359233604,0.04991184203986577,0.021552608435865768,-0.021552608435865768,0.9681471472064397,normal_vol__flat,0.75,True,ensemble
2023-04-19,short_vol,0.027115220889,0.04863320472633964,0.02151798383733964,-0.02151798383733964,0.9536207500815718,normal_vol__flat,0.75,True,ensemble
2023-04-20,short_vol,0.029460289599999995,0.04948750920655987,0.020027219606559878,-0.020027219606559878,0.8055220885915894,normal_vol__flat,0.75,True,ensemble
2023-04-21,short_vol,0.028156168804,0.05156386044477827,0.023407691640778272,-0.023407691640778272,1.1314880639294136,normal_vol__flat,0.75,True,ensemble
2023-04-24,flat,0.028465763524,0.047595946141582655,0.019130182617582654,-0.019130182617582654,0.7122243393878066,normal_vol__flat,0.75,True,ensemble
2023-04-25,flat,0.035210270736,0.05122018661067328,0.016009915874673278,-0.016009915874673278,0.4200961018078312,normal_vol__flat,0.75,True,ensemble
2023-04-26,flat,0.035570337200999995,0.047259180498092766,0.011688843297092771,-0.011688843297092771,-0.006589750441111723,normal_vol__flat,0.75,True,ensemble
2023-04-27,short_vol,0.029071273008999997,0.050149610727199284,0.021078337718199287,-0.021078337718199287,0.9358367978086278,normal_vol__flat,0.75,True,ensemble
2023-04-28,short_vol,0.024890741823999998,0.05320742129813461,0.028316679474134614,-0.028316679474134614,1.6424438008308888,normal_vol__flat,0.75,True,ensemble
2023-05-01,short_vol,0.025783688328999996,0.04594863902191603,0.020164950692916035,-0.020164950692916035,0.8372744647675421,normal_vol__flat,0.75,True,ensemble
2023-05-02,flat,0.03158333208900001,0.045905385626616196,0.014322053537616189,-0.014322053537616189,0.2659317604572331,normal_vol__flat,0.75,True,ensemble
2023-05-03,flat,0.03363959492099999,0.049493998844991956,0.015854403923991962,-0.015854403923991962,0.4245570986482445,normal_vol__flat,0.75,True,ensemble
2023-05-04,flat,0.040391754529,0.05082796369769724,0.010436209168697239,-0.010436209168697239,-0.10799084865684029,normal_vol__flat,0.75,True,ensemble
2023-05-05,flat,0.029486041225000002,0.04534871722685827,0.01586267600185827,-0.01586267600185827,0.4497524609986496,normal_vol__flat,0.75,True,ensemble
2023-05-08,short_vol,0.028788587583999995,0.04877086023141748,0.019982272647417487,-0.019982272647417487,0.854908569234005,normal_vol__flat,0.75,True,ensemble
2023-05-09,flat,0.031351660096,0.0439248067979278,0.012573146701927794,-0.012573146701927794,0.10481588795523492,normal_vol__flat,0.75,True,ensemble
2023-05-10,flat,0.028671294276,0.04488005326093476,0.016208758984934762,-0.016208758984934762,0.46866607721284664,normal_vol__flat,0.75,True,ensemble
2023-05-11,flat,0.028684164495999996,0.04361945366253674,0.014935289166536747,-0.014935289166536747,0.3490846599182149,normal_vol__flat,0.75,True,ensemble
2023-05-12,flat,0.028932989409,0.045828613038888334,0.016895623629888334,-0.016895623629888334,0.5586944723552869,normal_vol__flat,0.75,True,ensemble
2023-05-15,flat,0.029311152025,0.0425454597804517,0.013234307755451698,-0.013234307755451698,0.18699694055849028,normal_vol__flat,0.75,True,ensemble
2023-05-16,flat,0.032411521024,0.04414064990254106,0.011729128878541058,-0.011729128878541058,0.03614110176734694,normal_vol__flat,0.75,True,ensemble
2023-05-17,short_vol,0.028497491343999995,0.04937877545669324,0.020881284112693244,-0.020881284112693244,0.944228107862312,normal_vol__flat,0.75,True,ensemble
2023-05-18,flat,0.025794287236,0.041900263190323264,0.016105975954323264,-0.016105975954323264,0.4366079450632085,normal_vol__flat,0.75,True,ensemble
2023-05-19,flat,0.028196118889000005,0.041627332758043256,0.013431213869043251,-0.013431213869043251,0.15551681103554305,normal_vol__flat,0.75,True,ensemble
2023-05-22,flat,0.029582624016000002,0.04219130468220485,0.012608680666204845,-0.012608680666204845,0.06384398921931479,normal_vol__flat,0.75,True,ensemble
2023-05-23,flat,0.034353881104000006,0.04093126696576531,0.006577385861765303,-0.006577385861765303,-0.5521181314901957,normal_vol__flat,0.75,True,ensemble
2023-05-24,long_vol,0.040141324609,0.040946757129061186,0.0008054325200611834,-0.0008054325200611834,-1.116418092810412,normal_vol__flat,0.75,True,ensemble
2023-05-25,flat,0.036559734435999997,0.04221075251344699,0.005651018077446994,-0.005651018077446994,-0.6115043976332417,normal_vol__flat,0.75,True,ensemble
2023-05-26,flat,0.0322238401,0.042984297465730084,0.010760457365730086,-0.010760457365730086,-0.08791931934924237,normal_vol__flat,0.75,True,ensemble
2023-05-30,flat,0.030516596100000005,0.03993746082851628,0.009420864728516273,-0.009420864728516273,-0.20925670845433694,normal_vol__flat,0.75,True,ensemble
2023-05-31,flat,0.032156738329000005,0.04000424947137911,0.007847511142379103,-0.007847511142379103,-0.3494620601915336,normal_vol__flat,0.75,True,ensemble
2023-06-01,flat,0.024467216400000002,0.04119198338382152,0.016724766983821516,-0.016724766983821516,0.5548689290100066,normal_vol__flat,0.75,True,ensemble
2023-06-02,short_vol,0.021306365089000003,0.04086762319380919,0.019561258104809187,-0.019561258104809187,0.8413778421882391,normal_vol__flat,0.75,True,ensemble
2023-06-05,flat,0.021709370281,0.039414492012658675,0.017705121731658675,-0.017705121731658675,0.6271744476407697,normal_vol__flat,0.75,True,ensemble
2023-06-06,short_vol,0.019491510544000005,0.03965825169284324,0.020166741148843235,-0.020166741148843235,0.858718626680823,normal_vol__flat,0.75,True,ensemble
2023-06-07,short_vol,0.019383322175999997,0.039660287601696056,0.02027696542569606,-0.02027696542569606,0.8827951027307402,normal_vol__flat,0.75,True,ensemble
2023-06-08,short_vol,0.018645902500000002,0.0414775566928966,0.022831654192896598,-0.022831654192896598,1.1525580794683339,normal_vol__flat,0.75,True,ensemble
2023-06-09,short_vol,0.019116104121,0.04237457219135933,0.02325846807035933,-0.02325846807035933,1.2418241628705071,normal_vol__flat,0.75,True,ensemble
2023-06-12,short_vol,0.022505100289000005,0.04408700418208283,0.021581903893082822,-0.021581903893082822,0.9967409365971457,normal_vol__flat,0.75,True,ensemble
2023-06-13,flat,0.021305489296000003,0.037323708472400935,0.016018219176400932,-0.016018219176400932,0.20658784610493097,normal_vol__flat,0.75,True,ensemble
2023-06-14,flat,0.019284599160999998,0.0380253796873872,0.018740780526387203,-0.018740780526387203,0.6235457236891633,normal_vol__flat,0.75,True,ensemble
2023-06-15,short_vol,0.020979494649,0.041920971157146235,0.020941476508146234,-0.020941476508146234,0.9718556189642076,normal_vol__flat,0.75,True,ensemble
2023-06-16,flat,0.018379224899999998,0.036798826155972436,0.01841960125597244,-0.01841960125597244,0.5078360279945308,normal_vol__flat,0.75,True,ensemble
2023-06-20,flat,0.019284599160999998,0.03824927714637513,0.018964677985375135,-0.018964677985375135,0.5881220580708191,normal_vol__flat,0.75,True,ensemble
2023-06-21,flat,0.017418192484000002,0.03541598335373778,0.017997790869737778,-0.017997790869737778,0.3727650124069282,normal_vol__flat,0.75,True,ensemble
2023-06-22,flat,0.016621913476000002,0.035723318948045646,0.019101405472045644,-0.019101405472045644,0.5716408874095801,normal_vol__flat,0.75,True,ensemble
2023-06-23,short_vol,0.018084332483999998,0.03934978406237413,0.021265451578374134,-0.021265451578374134,0.9863607456610194,normal_vol__flat,0.75,True,ensemble
2023-06-26,flat,0.020355870276,0.03428060182533635,0.01392473154933635,-0.01392473154933635,-0.5328411471307137,normal_vol__flat,0.75,True,ensemble
2023-06-27,flat,0.018896351296,0.03604084712274262,0.01714449582674262,-0.01714449582674262,0.12805477801199588,normal_vol__flat,0.75,True,ensemble
2023-06-28,flat,0.018075189136,0.0340353206359954,0.0159601314999954,-0.0159601314999954,-0.11850630201659296,normal_vol__flat,0.75,True,ensemble
2023-06-29,flat,0.018344264481000003,0.03424216050126272,0.015897896020262717,-0.015897896020262717,-0.1297449376550112,normal_vol__flat,0.75,True,ensemble
2023-06-30,flat,0.018496816009000005,0.034479260555539466,0.01598244454653946,-0.01598244454653946,-0.11576848452223878,normal_vol__flat,0.75,True,ensemble
2023-07-03,flat,0.018393598129,0.03377288094911965,0.01537928282011965,-0.01537928282011965,-0.24498843367335196,normal_vol__flat,0.75,True,ensemble
2023-07-05,flat,0.0201214225,0.033723030479021546,0.013601607979021546,-0.013601607979021546,-0.6030125258780613,normal_vol__flat,0.75,True,ensemble
2023-07-06,long_vol,0.023795222049000003,0.03458091272927749,0.010785690680277488,-0.010785690680277488,-1.164212419797344,normal_vol__flat,0.75,True,ensemble
2023-07-07,long_vol,0.021938645689,0.033512050768110035,0.011573405079110036,-0.011573405079110036,-0.9861282615105325,normal_vol__flat,0.75,True,ensemble
2023-07-10,long_vol,0.0226683136,0.03391884010555326,0.01125052650555326,-0.01125052650555326,-1.0404885479234771,normal_vol__flat,0.75,True,ensemble
2023-07-11,long_vol,0.022077502225,0.033618819377942796,0.011541317152942796,-0.011541317152942796,-0.9526280076737249,normal_vol__flat,0.75,True,ensemble
2023-07-12,flat,0.018335055649,0.03337305672028339,0.015038001071283388,-0.015038001071283388,-0.23159397918647642,normal_vol__flat,0.75,True,ensemble
2023-07-13,flat,0.0184796836,0.033266089148587676,0.014786405548587674,-0.014786405548587674,-0.2654963274257747,normal_vol__flat,0.75,True,ensemble
2023-07-14,flat,0.01782225,0.03465088736336544,0.01682863736336544,-0.01682863736336544,0.16800600825522685,normal_vol__flat,0.75,True,ensemble
2023-07-17,flat,0.018155676049,0.03308633287887332,0.014930656829873316,-0.014930656829873316,-0.20202548082286112,normal_vol__flat,0.75,True,ensemble
2023-07-18,flat,0.017706826489,0.03572066877253935,0.01801384228353935,-0.01801384228353935,0.448190224767578,normal_vol__flat,0.75,True,ensemble
2023-07-19,flat,0.018953854928999998,0.03261157666472831,0.013657721735728313,-0.013657721735728313,-0.43668568766448707,normal_vol__flat,0.75,True,ensemble
2023-07-20,flat,0.019590761089000003,0.03283269817673674,0.013241937087736733,-0.013241937087736733,-0.505618559159344,normal_vol__flat,0.75,True,ensemble
2023-07-21,flat,0.018513684224999997,0.03265592187369448,0.014142237648694485,-0.014142237648694485,-0.3063436923528542,normal_vol__flat,0.75,True,ensemble
2023-07-24,flat,0.019369402275999998,0.03185930621090795,0.01248990393490795,-0.01248990393490795,-0.6634719943600977,normal_vol__flat,0.75,True,ensemble
2023-07-25,flat,0.019254615120999997,0.03237702907500551,0.013122413954005513,-0.013122413954005513,-0.5046731459663056,normal_vol__flat,0.75,True,ensemble
2023-07-26,flat,0.017352792900000004,0.03439975108074391,0.017046958180743907,-0.017046958180743907,0.4119219461739248,normal_vol__flat,0.75,True,ensemble
2023-07-27,long_vol,0.020818738369,0.03206208716543819,0.011243348796438186,-0.011243348796438186,-0.9025162991984266,low_vol__flat,0.6375,True,ensemble
2023-07-28,flat,0.017761425984,0.03227278734732241,0.01451136136332241,-0.01451136136332241,-0.14265581022641427,normal_vol__flat,0.75,True,ensemble
2023-07-31,flat,0.018557250625000004,0.030884974040030082,0.012327723415030079,-0.012327723415030079,-0.6352045399989471,normal_vol__flat,0.75,True,ensemble
2023-08-01,long_vol,0.019453554575999996,0.030966784005166607,0.011513229429166612,-0.011513229429166612,-0.8317059117130083,low_vol__flat,0.6375,True,ensemble
2023-08-02,long_vol,0.025906833935999997,0.031933607796333516,0.006026773860333519,-0.006026773860333519,-1.9995542966332889,normal_vol__flat,0.75,True,ensemble
2023-08-03,long_vol,0.025322993424,0.03078539986654511,0.005462406442545111,-0.005462406442545111,-2.020503373639693,normal_vol__flat,0.75,True,ensemble
2023-08-04,long_vol,0.029211253569000003,0.030749297301892443,0.0015380437328924405,-0.0015380437328924405,-2.6658671619584013,normal_vol__flat,0.75,True,ensemble
2023-08-07,long_vol,0.024830826083999998,0.030765117702634126,0.005934291618634128,-0.005934291618634128,-1.6850533715104465,normal_vol__flat,0.75,True,ensemble
2023-08-08,long_vol,0.025533802848999997,0.030777788546056086,0.0052439856970560896,-0.0052439856970560896,-1.7439258315568515,normal_vol__flat,0.75,True,ensemble
2023-08-09,long_vol,0.025438017049,0.03248821235799741,0.007050195308997413,-0.007050195308997413,-1.340677956645361,normal_vol__flat,0.75,True,ensemble
2023-08-10,long_vol,0.025110205443999997,0.030471255889795146,0.00536105044579515,-0.00536105044579515,-1.604813493908868,normal_vol__flat,0.75,True,ensemble
2023-08-11,long_vol,0.0219810276,0.031576958884045436,0.009595931284045435,-0.009595931284045435,-0.7957108596119475,normal_vol__flat,0.75,True,ensemble
2023-08-14,long_vol,0.021976283535999997,0.03008610401767882,0.008109820481678822,-0.008109820481678822,-1.0411630302517079,normal_vol__flat,0.75,True,ensemble
2023-08-15,long_vol,0.027077031601,0.03012036476127811,0.003043333160278109,-0.003043333160278109,-1.8996064704375626,normal_vol__flat,0.75,True,ensemble
2023-08-16,long_vol,0.028101493225000003,0.030311107270540424,0.0022096140455404208,-0.0022096140455404208,-1.9509067622691922,normal_vol__flat,0.75,True,ensemble
2023-08-17,long_vol,0.032056395849000004,0.030119384265322194,-0.0019370115836778098,0.0019370115836778098,-2.4973100063046307,normal_vol__flat,0.75,True,ensemble
2023-08-18,long_vol,0.030011404644,0.03077717390858047,0.0007657692645804681,-0.0007657692645804681,-1.9783365026622757,normal_vol__flat,0.75,True,ensemble
2023-08-21,long_vol,0.029398188681,0.031789644732906366,0.0023914560519063648,-0.0023914560519063648,-1.7310992821307896,normal_vol__flat,0.75,True,ensemble
2023-08-22,long_vol,0.0288218529,0.029760719794817776,0.0009388668948177754,-0.0009388668948177754,-1.9180977582605732,normal_vol__flat,0.75,True,ensemble
2023-08-23,long_vol,0.025540194969000004,0.029856212786029138,0.004316017817029134,-0.004316017817029134,-1.3358557010388428,normal_vol__flat,0.75,True,ensemble
2023-08-24,long_vol,0.029566114703999998,0.030791195749985303,0.0012250810459853052,-0.0012250810459853052,-1.761065287847778,normal_vol__flat,0.75,True,ensemble
2023-08-25,flat,0.024582163369,0.034831042867440876,0.010248879498440874,-0.010248879498440874,-0.36865302388750654,normal_vol__flat,0.75,True,ensemble
2023-08-28,long_vol,0.022711092804,0.029069915069763468,0.006358822265763467,-0.006358822265763467,-0.943385855276088,normal_vol__flat,0.75,True,ensemble
2023-08-29,flat,0.020898171844,0.02955498331618702,0.008656811472187022,-0.008656811472187022,-0.5633751167399685,normal_vol__flat,0.75,True,ensemble
2023-08-30,flat,0.019266550416000002,0.029202323682304514,0.009935773266304512,-0.009935773266304512,-0.3451114164402169,normal_vol__flat,0.75,True,ensemble
2023-08-31,flat,0.018448973929000002,0.028917568772426055,0.010468594843426052,-0.010468594843426052,-0.23922192060194994,normal_vol__flat,0.75,True,ensemble
2023-09-01,flat,0.017152093156,0.02928071996106328,0.01212862680506328,-0.01212862680506328,0.04738083092948851,normal_vol__flat,0.75,True,ensemble
2023-09-05,flat,0.019653236100000002,0.02875268232085804,0.009099446220858037,-0.009099446220858037,-0.41615608003435645,normal_vol__flat,0.75,True,ensemble
2023-09-06,flat,0.020905111395999997,0.02999776702760515,0.009092655631605152,-0.009092655631605152,-0.390392135279864,normal_vol__flat,0.75,True,ensemble
2023-09-07,flat,0.020719299363999997,0.028692935587300076,0.007973636223300079,-0.007973636223300079,-0.55674439495247,normal_vol__flat,0.75,True,ensemble
2023-09-08,flat,0.019105044841000004,0.02943120190137116,0.010326157060371155,-0.010326157060371155,-0.1277165898282594,normal_vol__flat,0.75,True,ensemble
2023-09-11,flat,0.019089843556,0.028615847886672933,0.009526004330672931,-0.009526004330672931,-0.24579780118411726,normal_vol__flat,0.75,True,ensemble
2023-09-12,short_vol,0.020248151616,0.03629897761069689,0.016050825994696892,-0.016050825994696892,0.959889489778674,normal_vol__flat,0.75,True,ensemble
2023-09-13,flat,0.018123352128999997,0.027387044938264733,0.009263692809264736,-0.009263692809264736,-0.2603916125588639,normal_vol__flat,0.75,True,ensemble
2023-09-14,flat,0.016466792329,0.027891847237389786,0.011425054908389787,-0.011425054908389787,0.16923292060131692,normal_vol__flat,0.75,True,ensemble
2023-09-15,flat,0.019054489443999997,0.02810669832566095,0.009052208881660952,-0.009052208881660952,-0.25821197359351283,normal_vol__flat,0.75,True,ensemble
2023-09-18,flat,0.019560819600000005,0.02685195240015721,0.007291132800157207,-0.007291132800157207,-0.5735860200518246,normal_vol__flat,0.75,True,ensemble
2023-09-19,flat,0.019877898121,0.02708298472991325,0.007205086608913249,-0.007205086608913249,-0.5667016554851794,normal_vol__flat,0.75,True,ensemble
2023-09-20,long_vol,0.022876865001,0.02781142872056712,0.004934563719567121,-0.004934563719567121,-1.0007788466478305,normal_vol__flat,0.75,True,ensemble
2023-09-21,long_vol,0.0308318481,0.026976756786124056,-0.003855091313875944,0.003855091313875944,-2.6198118646176654,normal_vol__flat,0.75,True,ensemble
2023-09-22,long_vol,0.029653528803999997,0.027788948604396586,-0.0018645801996034113,0.0018645801996034113,-2.114378545281681,normal_vol__flat,0.75,True,ensemble
2023-09-25,long_vol,0.028597515664,0.026683145683817196,-0.0019143699801828055,0.0019143699801828055,-2.0221493597839832,normal_vol__flat,0.75,True,ensemble
2023-09-26,long_vol,0.035848120896,0.026461249685783186,-0.009386871210216814,0.009386871210216814,-3.1030222967634487,normal_vol__flat,0.75,True,ensemble
2023-09-27,long_vol,0.033206315076,0.02795093608984255,-0.005255378986157449,0.005255378986157449,-2.2488299023839433,normal_vol__flat,0.75,True,ensemble
2023-09-28,long_vol,0.029986809888999995,0.028071787743824673,-0.001915022145175322,0.001915022145175322,-1.6171722006028952,normal_vol__flat,0.75,True,ensemble
2023-09-29,long_vol,0.030777790096000002,0.02701974608406048,-0.003758044011939521,0.003758044011939521,-1.831191137803707,normal_vol__flat,0.75,True,ensemble
2023-10-02,long_vol,0.031065120008999997,0.028320739235557606,-0.002744380773442391,0.002744380773442391,-1.5985833472044961,normal_vol__flat,0.75,True,ensemble
2023-10-03,long_vol,0.039033509761,0.029287542599354024,-0.009745967161645976,0.009745967161645976,-2.51140447946849,normal_vol__flat,0.75,True,ensemble
2023-10-04,long_vol,0.034455526884000005,0.02511295292004816,-0.009342573963951845,0.009342573963951845,-2.296308860548196,normal_vol__flat,0.75,True,ensemble
2023-10-05,long_vol,0.034284595921,0.0254779513906112,-0.008806644530388801,0.008806644530388801,-2.104581184429583,normal_vol__flat,0.75,True,ensemble
2023-10-06,long_vol,0.030372124175999996,0.02842884426321133,-0.0019432799127886667,0.0019432799127886667,-1.108754392570094,normal_vol__flat,0.75,True,ensemble
2023-10-09,long_vol,0.031379642448999996,0.024197774874448037,-0.00718186757455196,0.00718186757455196,-1.772283205675017,normal_vol__flat,0.75,True,ensemble
2023-10-10,long_vol,0.028928567056000005,0.024074905002128534,-0.004853662053871471,0.004853662053871471,-1.3997742234424015,normal_vol__flat,0.75,True,ensemble
2023-10-11,long_vol,0.025934525764,0.02390086533328726,-0.0020336604307127394,0.0020336604307127394,-0.981619769030975,normal_vol__flat,0.75,True,ensemble
2023-10-12,long_vol,0.027803228049,0.026662419963989537,-0.001140808085010464,0.001140808085010464,-0.8267701759841954,normal_vol__flat,0.75,True,ensemble
2023-10-13,long_vol,0.037222756624,0.02578638104380302,-0.01143637558019698,0.01143637558019698,-2.168631759660573,normal_vol__flat,0.75,True,ensemble
2023-10-16,long_vol,0.029624950161,0.02569368555571744,-0.003931264605282557,0.003931264605282557,-1.096433726408234,normal_vol__flat,0.75,True,ensemble
2023-10-17,long_vol,0.0319730161,0.023302476354639945,-0.008670539745360056,0.008670539745360056,-1.6844009538967348,normal_vol__flat,0.75,True,ensemble
2023-10-18,long_vol,0.036984289969,0.023053408119003253,-0.01393088184999675,0.01393088184999675,-2.271314482027663,normal_vol__flat,0.75,True,ensemble
2023-10-19,long_vol,0.045906919081,0.023155777422694174,-0.02275114165830583,0.02275114165830583,-3.1494187101029634,normal_vol__flat,0.75,True,ensemble
2023-10-20,long_vol,0.047183659524,0.02535797446726805,-0.02182568505673195,0.02182568505673195,-2.7881859847928796,normal_vol__flat,0.75,True,ensemble
2023-10-23,long_vol,0.041602945024000006,0.022887131553224183,-0.018715813470775822,0.018715813470775822,-2.292404759322079,normal_vol__flat,0.75,True,ensemble
2023-10-24,long_vol,0.035910629001,0.02327465037217534,-0.012635978628824658,0.012635978628824658,-1.5403602819910631,normal_vol__flat,0.75,True,ensemble
2023-10-25,long_vol,0.040658286321000006,0.022569553129717073,-0.018088733191282933,0.018088733191282933,-2.049630025624196,normal_vol__flat,0.75,True,ensemble
2023-10-26,long_vol,0.042654227840999995,0.022543794005283908,-0.020110433835716087,0.020110433835716087,-2.141905491163729,normal_vol__flat,0.75,True,ensemble
2023-10-27,long_vol,0.045156675001,0.02468139396916156,-0.02047528103183844,0.02047528103183844,-2.061009501672749,normal_vol__flat,0.75,True,ensemble
2023-10-30,long_vol,0.038913874756,0.022325291379829318,-0.016588583376170682,0.016588583376170682,-1.5955038683535718,normal_vol__flat,0.75,True,ensemble
2023-10-31,long_vol,0.032943702016,0.02215654612931469,-0.010787155886685308,0.010787155886685308,-0.9807418687927123,normal_vol__flat,0.75,True,ensemble
2023-11-01,flat,0.028404720369,0.024832232329255015,-0.0035724880397449837,0.0035724880397449837,-0.24582989929590135,normal_vol__flat,0.75,True,ensemble
2023-11-02,flat,0.024490685025,0.0227281777350286,-0.001762507289971401,0.001762507289971401,-0.05002972320048278,normal_vol__flat,0.75,True,ensemble
2023-11-03,flat,0.022192656784,0.023130956216297845,0.0009382994322978469,-0.0009382994322978469,0.23038977078312356,normal_vol__flat,0.75,True,ensemble
2023-11-06,flat,0.022133405528999995,0.022360318900800244,0.00022691337180024904,-0.00022691337180024904,0.17605737204208738,normal_vol__flat,0.75,True,ensemble
2023-11-07,flat,0.021925317184000002,0.022021853651957978,9.653646795797569e-05,-9.653646795797569e-05,0.17781676499406218,normal_vol__flat,0.75,True,ensemble
2023-11-08,flat,0.020908870801000002,0.023636184664344487,0.0027273138633444848,-0.0027273138633444848,0.44949243338867273,normal_vol__flat,0.75,True,ensemble
2023-11-09,short_vol,0.023357620223999998,0.03360412305669301,0.010246502832693013,-0.010246502832693013,1.1970783077716958,normal_vol__flat,0.75,True,ensemble
2023-11-10,flat,0.0200364025,0.02130474795101728,0.0012683454510172797,-0.0012683454510172797,0.27656525539291166,normal_vol__flat,0.75,True,ensemble
2023-11-13,flat,0.021808200976,0.019836240002125194,-0.0019719609738748055,0.0019719609738748055,-0.04878973568414153,normal_vol__flat,0.75,True,ensemble
2023-11-14,flat,0.020021684004000003,0.02018158153430536,0.00015989753030535778,-0.00015989753030535778,0.1723796965438992,normal_vol__flat,0.75,True,ensemble
2023-11-15,flat,0.020072939041,0.02004511306959067,-2.782597140933013e-05,2.782597140933013e-05,0.1549295407354129,normal_vol__flat,0.75,True,ensemble
2023-11-16,flat,0.020531450944,0.019761707036317487,-0.0007697439076825123,0.0007697439076825123,0.08814937617747269,normal_vol__flat,0.75,True,ensemble
2023-11-17,flat,0.019022753929,0.019747525278553824,0.0007247713495538259,-0.0007247713495538259,0.2419992215510535,normal_vol__flat,0.75,True,ensemble
2023-11-20,flat,0.018007492864,0.019803035966212704,0.0017955431022127037,-0.0017955431022127037,0.37034648396267755,normal_vol__flat,0.75,True,ensemble
2023-11-21,flat,0.017847624024999998,0.020434020484521045,0.0025863964595210474,-0.0025863964595210474,0.46075491070038527,normal_vol__flat,0.75,True,ensemble
2023-11-22,flat,0.016514049049,0.019752065570378733,0.0032380165213787317,-0.0032380165213787317,0.5421664473644374,normal_vol__flat,0.75,True,ensemble
2023-11-24,flat,0.015549840601,0.01951771754257589,0.0039678769415758906,-0.0039678769415758906,0.6354535054499872,normal_vol__flat,0.75,True,ensemble
2023-11-27,flat,0.016144497721000003,0.02045699818951229,0.004312500468512285,-0.004312500468512285,0.6905093249635224,normal_vol__flat,0.75,True,ensemble
2023-11-28,flat,0.016097773128999997,0.019247702247554017,0.00314992911855402,-0.00314992911855402,0.5923084209467934,normal_vol__flat,0.75,True,ensemble
2023-11-29,short_vol,0.016813271556,0.023182639077295085,0.006369367521295084,-0.006369367521295084,0.9533867382012323,normal_vol__flat,0.75,True,ensemble
2023-11-30,flat,0.016727800896,0.018810272204763195,0.0020824713087631945,-0.0020824713087631945,0.502166738280523,normal_vol__flat,0.75,True,ensemble
2023-12-01,flat,0.015960026889,0.01880072543411172,0.002840698545111719,-0.002840698545111719,0.6007950981804481,normal_vol__flat,0.75,True,ensemble
2023-12-04,flat,0.017080660249000002,0.01968071481103063,0.002600054562030628,-0.002600054562030628,0.5972108992988987,normal_vol__flat,0.75,True,ensemble
2023-12-05,flat,0.016477573225,0.019019046510294922,0.002541473285294922,-0.002541473285294922,0.6119988393124125,normal_vol__flat,0.75,True,ensemble
2023-12-06,flat,0.016800825924000003,0.018047396329957787,0.0012465704059577837,-0.0012465704059577837,0.5114239295955504,normal_vol__flat,0.75,True,ensemble
2023-12-07,flat,0.017077001040999996,0.018303884064980666,0.0012268830239806697,-0.0012268830239806697,0.5338665801014286,normal_vol__flat,0.75,True,ensemble
2023-12-08,short_vol,0.015268062095999999,0.01823333928539738,0.002965277189397382,-0.002965277189397382,0.7801059497528827,normal_vol__flat,0.75,True,ensemble
2023-12-11,short_vol,0.015950932209,0.018575740663486624,0.0026248084544866247,-0.0026248084544866247,0.7629901035438059,normal_vol__flat,0.75,True,ensemble
2023-12-12,short_vol,0.014575974361000001,0.017862079297678364,0.003286104936678363,-0.003286104936678363,0.8633061835139618,normal_vol__flat,0.75,True,ensemble
2023-12-13,short_vol,0.014897667136,0.01794615132465975,0.0030484841886597516,-0.0030484841886597516,0.8502861152688654,normal_vol__flat,0.75,True,ensemble
2023-12-14,short_vol,0.015575788808999999,0.02027358002591398,0.00469779121691398,-0.00469779121691398,1.0641413992329005,low_vol__flat,0.6375,True,ensemble
2023-12-15,short_vol,0.015105393215999999,0.018621561282696934,0.0035161680666969345,-0.0035161680666969345,0.8896574705697474,low_vol__flat,0.6375,True,ensemble
2023-12-18,flat,,0.017322425659543735,,,,low_vol__flat,0.6375,True,ensemble
2023-12-19,flat,,0.016996375466389838,,,,low_vol__flat,0.6375,True,ensemble
2023-12-20,flat,,0.0180827816794862,,,,normal_vol__flat,0.75,True,ensemble
2023-12-21,flat,,0.018001714680274138,,,,normal_vol__flat,0.75,True,ensemble
2023-12-22,flat,,0.01716109190430646,,,,normal_vol__flat,0.75,True,ensemble
2023-12-26,flat,,0.016970476558655096,,,,normal_vol__flat,0.75,True,ensemble
2023-12-27,flat,,0.017504681550457188,,,,normal_vol__flat,0.75,True,ensemble
2023-12-28,flat,,0.018074447231176866,,,,normal_vol__flat,0.75,True,ensemble
